CustomerId,Recency,Frequency,Monetary,is_high_risk
CustomerId_1,84,1,10000.0,1
CustomerId_10,84,1,10000.0,1
CustomerId_1001,90,5,30400.0,1
CustomerId_1002,26,11,4775.0,0
CustomerId_1003,12,6,32000.0,0
CustomerId_1004,53,1,2000.0,1
CustomerId_1005,47,9,61200.0,1
CustomerId_1006,65,1,1000.0,1
CustomerId_1007,82,1,28000.0,1
CustomerId_1008,66,2,20000.0,1
CustomerId_1009,28,1,500.0,0
CustomerId_1010,42,7,29665.0,1
CustomerId_1012,5,74,132894.0,0
CustomerId_1014,50,8,763880.0,1
CustomerId_1016,5,5,32000.0,0
CustomerId_1020,27,203,298605.0,0
CustomerId_1021,78,1,5000.0,1
CustomerId_1022,35,1,7000.0,0
CustomerId_1025,12,16,19800.0,0
CustomerId_1027,1,14,27230.0,0
CustomerId_1028,26,1,500.0,0
CustomerId_1029,8,9,63000.0,0
CustomerId_1030,31,8,4650.0,0
CustomerId_1031,15,50,140161.2,0
CustomerId_1032,34,2,2000.0,0
CustomerId_1033,67,2,1050.0,1
CustomerId_1034,9,16,61292.0,0
CustomerId_1036,91,3,2050.0,1
CustomerId_1038,12,5,31000.0,0
CustomerId_1039,12,30,271105.0,0
CustomerId_1040,38,1,50000.0,1
CustomerId_1043,47,6,36000.0,1
CustomerId_1044,48,16,23517.5,1
CustomerId_1048,43,1,1000.0,1
CustomerId_1050,54,1,5000.0,1
CustomerId_1052,24,7,59100.0,0
CustomerId_1053,90,7,13812.0,1
CustomerId_1054,5,52,164700.0,0
CustomerId_1055,82,5,6150.0,1
CustomerId_1056,56,4,5500.0,1
CustomerId_1057,91,2,5496.0,1
CustomerId_1058,5,29,15185.0,0
CustomerId_1059,12,9,62000.0,0
CustomerId_1063,2,12,15675.0,0
CustomerId_1064,6,42,254580.0,0
CustomerId_1068,53,1,500.0,1
CustomerId_1070,26,1,5000.0,0
CustomerId_1071,3,7,241710.0,0
CustomerId_1073,72,1,1000.0,1
CustomerId_1074,5,46,268700.0,0
CustomerId_1078,47,6,41000.0,1
CustomerId_1079,45,1,20000.0,1
CustomerId_1080,31,1,5000.0,0
CustomerId_1081,14,2,1500.0,0
CustomerId_1082,47,5,31000.0,1
CustomerId_1083,32,1,500.0,0
CustomerId_1084,71,1,10000.0,1
CustomerId_1085,58,4,5100.0,1
CustomerId_1086,5,32,79024.0,0
CustomerId_1087,33,9,62000.0,0
CustomerId_1089,37,152,175728.5,0
CustomerId_1091,25,2,3000.0,0
CustomerId_1092,19,16,97000.0,0
CustomerId_1093,33,55,81340.0,0
CustomerId_1094,25,7,44540.0,0
CustomerId_1095,12,11,7125.0,0
CustomerId_1096,7,784,2037374.0,0
CustomerId_1098,3,1,20000.0,0
CustomerId_1099,25,9,8220.0,0
CustomerId_11,84,1,10000.0,1
CustomerId_1101,53,9,60000.0,1
CustomerId_1102,6,14,92000.0,0
CustomerId_1103,48,1,30000.0,1
CustomerId_1104,5,10,82000.0,0
CustomerId_1105,27,1,500.0,0
CustomerId_1106,88,1,10000.0,1
CustomerId_1108,2,14,112000.0,0
CustomerId_1109,47,8,52200.0,1
CustomerId_1111,69,3,2020.0,1
CustomerId_1112,12,6,32000.0,0
CustomerId_1113,65,23,42300.0,1
CustomerId_1114,1,57,59075.0,0
CustomerId_1116,5,8,8040.0,0
CustomerId_1117,74,1,4000.0,1
CustomerId_1118,1,24,142000.0,0
CustomerId_1119,27,7,5550.0,0
CustomerId_1120,63,2,2040.0,1
CustomerId_1121,16,7,14780.98,0
CustomerId_1122,65,1,1850000.0,1
CustomerId_1123,47,1,1000.0,1
CustomerId_1124,33,6,41000.0,0
CustomerId_1125,32,1,5000.0,0
CustomerId_1127,5,37,95465.0,0
CustomerId_1129,75,2,1000.0,1
CustomerId_1130,78,4,6040.0,1
CustomerId_1131,2,11,19450.0,0
CustomerId_1134,1,9,3620.0,0
CustomerId_1135,24,14,75000.0,0
CustomerId_1137,54,20,161400.0,1
CustomerId_1140,45,3,6250.0,1
CustomerId_1141,9,49,227335.0,0
CustomerId_1145,39,4,9500.0,1
CustomerId_1146,47,6,41000.0,1
CustomerId_1147,12,18,112000.0,0
CustomerId_1150,74,2,2000.0,1
CustomerId_1153,58,1,3000.0,1
CustomerId_1154,1,9,5725.0,0
CustomerId_1156,2,368,1667770.0,0
CustomerId_1158,89,8,51400.0,1
CustomerId_1159,5,5,32000.0,0
CustomerId_1160,1,15,100890.0,0
CustomerId_1161,25,1,2500.0,0
CustomerId_1162,6,7,6735.0,0
CustomerId_1163,1,14,102000.0,0
CustomerId_1164,68,6,41000.0,1
CustomerId_1165,36,5,66000.0,0
CustomerId_1169,5,3,2050.0,0
CustomerId_1170,10,18,144926.0,0
CustomerId_1171,45,6,7075.0,1
CustomerId_1172,14,84,245040.3,0
CustomerId_1174,90,1,1000.0,1
CustomerId_1175,1,241,9065287.5,0
CustomerId_1177,4,4,28878.0,0
CustomerId_1179,21,3,3100.0,0
CustomerId_1180,12,67,154554.0,0
CustomerId_1182,6,4,22000.0,0
CustomerId_1183,20,18,65765.0,0
CustomerId_1184,75,1,1000.0,1
CustomerId_1186,77,4,8100.0,1
CustomerId_1187,55,7,61000.0,1
CustomerId_1189,38,2,3000.0,1
CustomerId_1190,12,15,112000.0,0
CustomerId_1191,5,6,32500.0,0
CustomerId_1192,5,22,43635.0,0
CustomerId_1193,54,4,21000.0,1
CustomerId_1194,55,4,21000.0,1
CustomerId_1195,54,6,31000.0,1
CustomerId_1196,48,6,32000.0,1
CustomerId_1197,55,4,21000.0,1
CustomerId_1198,55,4,21000.0,1
CustomerId_12,84,1,10000.0,1
CustomerId_1200,48,4,21000.0,1
CustomerId_1201,2,173,689886.5,0
CustomerId_1202,1,29,202000.0,0
CustomerId_1203,1,45,50270.0,0
CustomerId_1204,47,4,21000.0,1
CustomerId_1208,85,9,20230.0,1
CustomerId_1209,20,6,42000.0,0
CustomerId_1210,77,3,49000.0,1
CustomerId_1211,85,2,200000.0,1
CustomerId_1212,51,17,43000.0,1
CustomerId_1214,7,44,108175.0,0
CustomerId_1215,74,1,1000.0,1
CustomerId_1217,48,9,52000.0,1
CustomerId_1218,1,72,141945.0,0
CustomerId_1219,26,6,4150.0,0
CustomerId_1220,19,13,62000.0,0
CustomerId_1221,6,5,32000.0,0
CustomerId_1222,10,45,87130.0,0
CustomerId_1223,4,3,21500.0,0
CustomerId_1224,6,1,10000.0,0
CustomerId_1225,9,1,1000.0,0
CustomerId_1226,44,8,13300.0,1
CustomerId_1227,14,26,86426.4,0
CustomerId_1228,12,5,32000.0,0
CustomerId_1229,16,3,2050.0,0
CustomerId_1231,37,1,2000.0,1
CustomerId_1232,16,1,5000.0,0
CustomerId_1233,28,1,1000.0,0
CustomerId_1234,54,12,81400.0,1
CustomerId_1235,47,6,31000.0,1
CustomerId_1236,45,8,11235.0,1
CustomerId_1237,29,1,1000.0,0
CustomerId_1238,5,5,32000.0,0
CustomerId_1240,45,6,46000.0,1
CustomerId_1241,26,7,42000.0,0
CustomerId_1242,6,152,1191696.0,0
CustomerId_1244,88,1,5000.0,1
CustomerId_1245,5,29,197000.0,0
CustomerId_1246,26,19,121000.0,0
CustomerId_1247,1,13,112000.0,0
CustomerId_1250,4,273,696300.85,0
CustomerId_1252,13,19,122000.0,0
CustomerId_1253,13,5,32000.0,0
CustomerId_1256,33,6,42000.0,0
CustomerId_1257,13,12,17395.0,0
CustomerId_1258,12,7,42000.0,0
CustomerId_1259,69,16,17786.5,1
CustomerId_1260,6,9,62000.0,0
CustomerId_1262,26,9,10160.0,0
CustomerId_1263,54,5,31000.0,1
CustomerId_1265,22,97,278900.0,0
CustomerId_1266,16,20,10120.0,0
CustomerId_1267,25,3,2020.0,0
CustomerId_1268,16,1,1000000.0,0
CustomerId_1269,76,3,8000.0,1
CustomerId_1270,10,33,55296.0,0
CustomerId_1271,18,6,5650.0,0
CustomerId_1272,54,3,4500.0,1
CustomerId_1273,68,6,41000.0,1
CustomerId_1274,44,1,5000.0,1
CustomerId_1275,1,253,748843.5,0
CustomerId_1276,6,86,947500.0,0
CustomerId_1277,2,60,175090.0,0
CustomerId_1279,54,7,51000.0,1
CustomerId_1280,22,44,113797.0,0
CustomerId_1281,5,30,271800.0,0
CustomerId_1282,13,1,10000.0,0
CustomerId_1283,75,19,18095.0,1
CustomerId_1285,76,4,3050.0,1
CustomerId_1286,17,28,77851.0,0
CustomerId_1287,62,7,51000.0,1
CustomerId_1288,2,14,16630.0,0
CustomerId_1294,5,12,67622.0,0
CustomerId_1295,62,15,103850.0,1
CustomerId_1296,52,3,1525.0,1
CustomerId_1297,65,1,5000.0,1
CustomerId_1298,29,20,430020.0,0
CustomerId_1299,29,36,241220.0,0
CustomerId_13,84,1,10000.0,1
CustomerId_1300,20,6,32000.0,0
CustomerId_1301,12,18,132000.0,0
CustomerId_1302,25,18,7742715.0,0
CustomerId_1303,5,21,152000.0,0
CustomerId_1304,20,3,150000.0,0
CustomerId_1306,65,61,65740.0,1
CustomerId_1307,26,17,256350.0,0
CustomerId_1308,35,15,150558.0,0
CustomerId_1310,13,1,10000.0,0
CustomerId_1311,21,33,43430.0,0
CustomerId_1312,19,1,1000.0,0
CustomerId_1313,47,6,41000.0,1
CustomerId_1316,16,2,30000.0,0
CustomerId_1317,10,10,67000.0,0
CustomerId_1318,65,7,7066.0,1
CustomerId_1320,79,2,10000.0,1
CustomerId_1321,63,2,60000.0,1
CustomerId_1322,62,6,5050.0,1
CustomerId_1323,12,15,92000.0,0
CustomerId_1324,5,45,743304.0,0
CustomerId_1325,49,5,41720.0,1
CustomerId_1326,47,3,13000.0,1
CustomerId_1328,23,1,1000.0,0
CustomerId_1329,2,7,44000.0,0
CustomerId_1330,12,7,62000.0,0
CustomerId_1331,19,12,88000.0,0
CustomerId_1332,83,2,3000.0,1
CustomerId_1335,12,113,300641.5,0
CustomerId_1338,77,2,22000.0,1
CustomerId_1339,47,5,31000.0,1
CustomerId_1341,60,11,22440.0,1
CustomerId_1343,52,1,1000.0,1
CustomerId_1349,54,7,8000.0,1
CustomerId_1351,80,15,98900.0,1
CustomerId_1353,22,1,2000000.0,0
CustomerId_1355,58,5,10000.0,1
CustomerId_1356,90,1,5000.0,1
CustomerId_1357,27,1,100.0,0
CustomerId_1358,2,6,4050.0,0
CustomerId_1359,12,9,62000.0,0
CustomerId_1360,66,1,10000.0,1
CustomerId_1361,82,9,11500.0,1
CustomerId_1362,2,20,144000.0,0
CustomerId_1363,54,1,5000.0,1
CustomerId_1365,33,4,21500.0,0
CustomerId_1366,23,5,3100.0,0
CustomerId_1367,5,6,32000.0,0
CustomerId_1369,68,6,41000.0,1
CustomerId_1370,66,7,113150.0,1
CustomerId_1372,19,1,500.0,0
CustomerId_1373,39,1,10000.0,1
CustomerId_1375,16,3,30000.0,0
CustomerId_1376,40,2,220000.0,1
CustomerId_1377,23,3,2020.0,0
CustomerId_1378,1,13,102000.0,0
CustomerId_1379,85,1,1000.0,1
CustomerId_1380,1,20,152000.0,0
CustomerId_1381,63,1,5000.0,1
CustomerId_1382,2,20,15205.0,0
CustomerId_1384,25,3,7000.0,0
CustomerId_1385,18,1,50000.0,0
CustomerId_1386,83,1,1000.0,1
CustomerId_1387,10,36,24774.0,0
CustomerId_1389,56,1,100000.0,1
CustomerId_1390,22,1,500.0,0
CustomerId_1392,50,5,11940.0,1
CustomerId_1393,65,2,10200.0,1
CustomerId_1394,72,1,10000.0,1
CustomerId_1395,6,5,32000.0,0
CustomerId_1396,68,7,40600.0,1
CustomerId_1397,1,10,9200.0,0
CustomerId_1398,7,43,220229.0,0
CustomerId_14,84,1,10000.0,1
CustomerId_1400,50,1,500.0,1
CustomerId_1402,33,6,12040.0,0
CustomerId_1404,5,2,4000.0,0
CustomerId_1406,86,2,510.0,1
CustomerId_1407,12,18,128020.0,0
CustomerId_1408,49,1,1000.0,1
CustomerId_1409,5,24,34911.0,0
CustomerId_1410,5,13,77000.0,0
CustomerId_1411,35,6,7000.0,0
CustomerId_1413,3,140,542505.6,0
CustomerId_1414,5,4,22000.0,0
CustomerId_1415,1,52,62247.0,0
CustomerId_1417,36,2,7000.0,0
CustomerId_1418,24,1,3500.0,0
CustomerId_1419,27,9,45775.0,0
CustomerId_1420,62,10,14350.0,1
CustomerId_1421,14,10,32190.0,0
CustomerId_1422,89,3,14040.0,1
CustomerId_1423,84,14,8640.0,1
CustomerId_1424,20,5,32000.0,0
CustomerId_1425,1,36,63110.0,0
CustomerId_1426,84,1,10000.0,1
CustomerId_1427,54,30,222800.0,1
CustomerId_1429,5,36,223360.0,0
CustomerId_1431,64,1,5000.0,1
CustomerId_1432,91,1,2000.0,1
CustomerId_1435,12,29,162200.0,0
CustomerId_1436,55,4,21000.0,1
CustomerId_1437,38,1,20000.0,1
CustomerId_1438,4,32,179855.0,0
CustomerId_1439,54,1,500.0,1
CustomerId_1440,2,4,2460.0,0
CustomerId_1441,57,1,1000.0,1
CustomerId_1442,12,9,62000.0,0
CustomerId_1443,33,2,2000.0,0
CustomerId_1444,58,1,500.0,1
CustomerId_1445,29,1,500.0,0
CustomerId_1447,75,8,12150.0,1
CustomerId_1448,14,3,3500.0,0
CustomerId_1449,15,27,500432.0,0
CustomerId_1450,27,9,63275.0,0
CustomerId_1451,23,18,20850.0,0
CustomerId_1452,31,11,25400.0,0
CustomerId_1453,11,11,22825.0,0
CustomerId_1454,1,14,102000.0,0
CustomerId_1455,77,1,1000.0,1
CustomerId_1458,42,1,500.0,1
CustomerId_1459,46,1,10000.0,1
CustomerId_1461,19,42,69400.0,0
CustomerId_1464,12,4,22000.0,0
CustomerId_1466,19,7,50200.0,0
CustomerId_1467,1,8,13500.0,0
CustomerId_1468,21,15,406464.0,0
CustomerId_1472,5,66,335872.0,0
CustomerId_1474,72,1,10000.0,1
CustomerId_1475,82,8,17260.0,1
CustomerId_1476,76,8,16100.0,1
CustomerId_1477,11,58,146182.6,0
CustomerId_1478,6,4,22000.0,0
CustomerId_1479,19,6,32000.0,0
CustomerId_1480,5,29,182000.0,0
CustomerId_1481,60,13,31000.0,1
CustomerId_1482,60,10,36000.0,1
CustomerId_1483,44,9,12180.0,1
CustomerId_1484,12,8,5030.0,0
CustomerId_1485,13,23,152000.0,0
CustomerId_1486,33,6,42000.0,0
CustomerId_1487,67,8,6500.0,1
CustomerId_1488,33,5,32000.0,0
CustomerId_1489,51,6,90000.0,1
CustomerId_1490,60,3,30000.0,1
CustomerId_1492,82,3,3650.0,1
CustomerId_1494,2,29,96625.0,0
CustomerId_1495,82,5,12050.0,1
CustomerId_1496,78,1,50000.0,1
CustomerId_1498,3,4,5580.0,0
CustomerId_1499,75,8,46000.0,1
CustomerId_15,84,1,10000.0,1
CustomerId_1501,6,5,32000.0,0
CustomerId_1502,53,1,5000.0,1
CustomerId_1503,20,74,323429.0,0
CustomerId_1504,2,10,112550.0,0
CustomerId_1505,6,116,233990.0,0
CustomerId_1506,47,1,5000.0,1
CustomerId_1507,7,2,1050.0,0
CustomerId_1508,13,21,122000.0,0
CustomerId_1509,6,17,101459.0,0
CustomerId_1510,59,93,224721.0,1
CustomerId_1511,25,4,6050.0,0
CustomerId_1512,1,32,137365.0,0
CustomerId_1513,47,6,41000.0,1
CustomerId_1514,77,9,6450.0,1
CustomerId_1515,5,70,157915.0,0
CustomerId_1516,33,7,33025.0,0
CustomerId_1517,21,11,35000.0,0
CustomerId_1518,48,4,21000.0,1
CustomerId_1520,13,20,140280.0,0
CustomerId_1521,87,1,1000.0,1
CustomerId_1523,18,14,281846.0,0
CustomerId_1524,6,5,22000.0,0
CustomerId_1525,72,1,1000.0,1
CustomerId_1526,33,1,500.0,0
CustomerId_1528,38,5,14220.0,1
CustomerId_1529,83,28,29814.0,1
CustomerId_1531,63,1,3000.0,1
CustomerId_1532,45,20,606594.0,1
CustomerId_1533,5,90,150070.0,0
CustomerId_1535,3,7,60212748.0,0
CustomerId_1537,19,24,131371.0,0
CustomerId_1538,12,15,102000.0,0
CustomerId_1540,75,5,31000.0,1
CustomerId_1541,46,29,100400.0,1
CustomerId_1542,12,5,22000.0,0
CustomerId_1543,12,5,32000.0,0
CustomerId_1545,14,70,248615.0,0
CustomerId_1546,5,50,481400.0,0
CustomerId_1547,53,52,110950.0,1
CustomerId_1550,6,14,92000.0,0
CustomerId_1554,3,26,35275.0,0
CustomerId_1557,5,25,182000.0,0
CustomerId_1561,5,5,32000.0,0
CustomerId_1562,68,3,6250.0,1
CustomerId_1564,59,28,55990.0,1
CustomerId_1565,55,17,62400.0,1
CustomerId_1566,23,1,1000.0,0
CustomerId_1567,21,3,1000500.0,0
CustomerId_1568,26,15,25360.0,0
CustomerId_1569,35,1,5000.0,0
CustomerId_1570,54,9,42000.0,1
CustomerId_1571,40,1,10000.0,1
CustomerId_1572,12,13,92000.0,0
CustomerId_1573,68,6,41000.0,1
CustomerId_1576,38,91,289724.0,0
CustomerId_1577,87,3,5750.0,1
CustomerId_1578,69,12,120000.0,1
CustomerId_1579,1,20,162000.0,0
CustomerId_1580,42,6,6068.0,1
CustomerId_1581,26,13,37000.0,0
CustomerId_1583,36,9,10270.0,0
CustomerId_1584,1,59,258386.0,0
CustomerId_1587,86,15,19645.0,1
CustomerId_1588,31,33,142360.0,0
CustomerId_1591,20,9,57000.0,0
CustomerId_1593,1,13,102000.0,0
CustomerId_1594,5,89,496020.0,0
CustomerId_1595,76,4,12050.0,1
CustomerId_1597,77,1,50000.0,1
CustomerId_1599,34,3,2000.0,0
CustomerId_1601,59,3,1630.0,1
CustomerId_1602,13,58,4234490.0,0
CustomerId_1604,48,30,69174.5,1
CustomerId_1605,77,1,1800.0,1
CustomerId_1608,86,16,20950.0,1
CustomerId_1609,84,5,3025.0,1
CustomerId_1610,22,1,500.0,0
CustomerId_1611,47,5,31000.0,1
CustomerId_1612,3,1,20000.0,0
CustomerId_1613,13,18,122000.0,0
CustomerId_1614,39,5,3000.0,1
CustomerId_1615,12,5,22000.0,0
CustomerId_1617,2,1,500.0,0
CustomerId_1618,1,13,122000.0,0
CustomerId_1619,90,1,5000.0,1
CustomerId_1620,26,5,32000.0,0
CustomerId_1621,26,1,1000.0,0
CustomerId_1622,5,126,521175.0,0
CustomerId_1623,5,5,32000.0,0
CustomerId_1624,54,18,126400.0,1
CustomerId_1625,55,21,142800.0,1
CustomerId_1626,24,13,8125.0,0
CustomerId_1627,4,1,500.0,0
CustomerId_1629,48,1,500.0,1
CustomerId_1632,5,68,469700.0,0
CustomerId_1634,54,19,135300.0,1
CustomerId_1635,33,6,42000.0,0
CustomerId_1636,8,32,88142.0,0
CustomerId_1637,15,1,10000.0,0
CustomerId_1638,59,3,1525.0,1
CustomerId_1639,26,14,19760.0,0
CustomerId_1640,42,8,5625.0,1
CustomerId_1641,54,6,41000.0,1
CustomerId_1642,44,10,31690.0,1
CustomerId_1643,47,5,31000.0,1
CustomerId_1645,5,5,32000.0,0
CustomerId_1646,40,2,1500.0,1
CustomerId_1647,11,19,19000.0,0
CustomerId_1649,26,3,1525.0,0
CustomerId_1651,2,2,20000.0,0
CustomerId_1652,46,1,5000.0,1
CustomerId_1653,25,6,1662525.0,0
CustomerId_1655,12,9,62000.0,0
CustomerId_1656,4,90,1248830.0,0
CustomerId_1657,52,3,6000.0,1
CustomerId_1658,7,43,125662.0,0
CustomerId_1659,70,3,165000.0,1
CustomerId_1660,67,1,1000.0,1
CustomerId_1661,1,20,75715.0,0
CustomerId_1663,11,480,1756211.0,0
CustomerId_1664,86,1,1000.0,1
CustomerId_1666,34,1,50000.0,0
CustomerId_1669,30,3,1525.0,0
CustomerId_1670,62,15,240585.0,1
CustomerId_1671,73,2,10000.0,1
CustomerId_1672,35,6,22250.0,0
CustomerId_1674,82,1,20000.0,1
CustomerId_1676,5,32,236000.0,0
CustomerId_1679,55,4,21000.0,1
CustomerId_1680,12,11,764850.0,0
CustomerId_1681,1,13,102000.0,0
CustomerId_1683,8,12,119500.0,0
CustomerId_1684,12,13,83000.0,0
CustomerId_1686,7,1,1000.0,0
CustomerId_1687,61,1,2000.0,1
CustomerId_1688,24,16,115421.0,0
CustomerId_1690,81,21,2018370.0,1
CustomerId_1692,27,7,14050.0,0
CustomerId_1694,13,22,152000.0,0
CustomerId_1695,7,96,807673.0,0
CustomerId_1696,26,11,31510.0,0
CustomerId_1697,6,10,62000.0,0
CustomerId_1698,3,2,501000.0,0
CustomerId_1699,36,151,1102562.0,0
CustomerId_1701,1,25,140000.0,0
CustomerId_1702,89,14,12920.0,1
CustomerId_1703,64,3,1525.0,1
CustomerId_1705,2,3,2050.0,0
CustomerId_1707,26,7,16000.0,0
CustomerId_1708,12,6,32000.0,0
CustomerId_1709,1,524,997853.0,0
CustomerId_1710,22,5,5020.0,0
CustomerId_1712,39,1,1000.0,1
CustomerId_1713,21,47,45746.0,0
CustomerId_1714,62,7,51000.0,1
CustomerId_1716,62,1,80000.0,1
CustomerId_1717,1,12,82000.0,0
CustomerId_1719,3,1,5000.0,0
CustomerId_1720,47,6,41000.0,1
CustomerId_1721,47,6,41000.0,1
CustomerId_1722,21,1,1000.0,0
CustomerId_1723,86,1,800.0,1
CustomerId_1724,29,1,1000000.0,0
CustomerId_1725,85,20,27050.0,1
CustomerId_1726,56,6,9120.0,1
CustomerId_1728,39,3,6500.0,1
CustomerId_1729,33,8,52000.0,0
CustomerId_1730,27,63,174970.0,0
CustomerId_1731,56,23,361000.0,1
CustomerId_1732,53,18,211000.0,1
CustomerId_1733,5,38,282000.0,0
CustomerId_1735,19,3,23000.0,0
CustomerId_1736,34,2,525.0,0
CustomerId_1738,6,5,32000.0,0
CustomerId_1739,9,19,11609.0,0
CustomerId_1741,40,3,13000.0,1
CustomerId_1742,24,3,7000.0,0
CustomerId_1744,34,1,5000.0,0
CustomerId_1748,20,3,64000.0,0
CustomerId_1749,34,4,3050.0,0
CustomerId_1750,1,21,25900.0,0
CustomerId_1752,23,4,3050.0,0
CustomerId_1753,68,1,250000.0,1
CustomerId_1754,49,1,500.0,1
CustomerId_1755,43,1,5000.0,1
CustomerId_1756,61,1,5000.0,1
CustomerId_1757,70,4,1050.0,1
CustomerId_1758,8,91,184205.5,0
CustomerId_1759,32,10,40000.0,0
CustomerId_1762,6,10,18447.0,0
CustomerId_1763,19,13,72000.0,0
CustomerId_1764,74,2,11000.0,1
CustomerId_1767,2,21,311060.0,0
CustomerId_1768,11,68,263748.0,0
CustomerId_1769,40,1,10000.0,1
CustomerId_1770,1,8,26800.0,0
CustomerId_1773,5,24,83051.45,0
CustomerId_1774,5,38,271000.0,0
CustomerId_1776,45,2,510.0,1
CustomerId_1782,1,19,49092.0,0
CustomerId_1784,5,9,62000.0,0
CustomerId_1786,6,29,202800.0,0
CustomerId_1790,2,27,225370.0,0
CustomerId_1791,33,6,42000.0,0
CustomerId_1792,76,1,1000000.0,1
CustomerId_1794,73,9,20000.0,1
CustomerId_1795,1,10,81000.0,0
CustomerId_1797,44,3,8000.0,1
CustomerId_1798,36,1,50000.0,0
CustomerId_1800,13,5,27000.0,0
CustomerId_1801,13,18,14125.0,0
CustomerId_1802,8,3,21000.0,0
CustomerId_1805,42,29,388025.75,1
CustomerId_1806,71,20,74000.0,1
CustomerId_1807,54,6,50000.0,1
CustomerId_1809,63,19,68085.58,1
CustomerId_1810,1,23,167000.0,0
CustomerId_1811,85,3,2025.0,1
CustomerId_1812,9,35,1218982.0,0
CustomerId_1813,68,5,22720.0,1
CustomerId_1815,1,79,81685.0,0
CustomerId_1817,55,6,41000.0,1
CustomerId_1820,28,10,17200.0,0
CustomerId_1821,4,1,10000.0,0
CustomerId_1825,5,19,171400.0,0
CustomerId_1827,54,6,41000.0,1
CustomerId_1828,54,5,31000.0,1
CustomerId_1830,65,9,5200.0,1
CustomerId_1831,32,14,313200.0,0
CustomerId_1833,61,10,816000.0,1
CustomerId_1835,47,6,41000.0,1
CustomerId_1836,22,1,5000.0,0
CustomerId_1838,29,1,1000.0,0
CustomerId_1839,68,17,28772.0,1
CustomerId_1841,6,22,162000.0,0
CustomerId_1843,62,13,9055.0,1
CustomerId_1844,40,10,57225.0,1
CustomerId_1845,6,13,31600.0,0
CustomerId_1846,16,16,111755.0,0
CustomerId_1848,10,15,80260.0,0
CustomerId_1849,4,29,61780.0,0
CustomerId_1850,23,1,1509988.0,0
CustomerId_1852,22,1,2000.0,0
CustomerId_1853,55,1,1000.0,1
CustomerId_1855,1,5,4050.0,0
CustomerId_1856,19,2,60600.0,0
CustomerId_1858,33,56,3708555.0,0
CustomerId_1859,60,4,2025.0,1
CustomerId_1860,2,47,332976.0,0
CustomerId_1861,54,5,31000.0,1
CustomerId_1862,84,5,2575.0,1
CustomerId_1864,6,27,161600.0,0
CustomerId_1867,9,31,192000.0,0
CustomerId_1870,89,4,20200.0,1
CustomerId_1871,33,17,63000.0,0
CustomerId_1872,13,4,20000.0,0
CustomerId_1873,89,1,1000.0,1
CustomerId_1874,10,22,107430.0,0
CustomerId_1875,6,97,895019.4,0
CustomerId_1876,52,3,11000.0,1
CustomerId_1877,11,18,202880.0,0
CustomerId_1879,87,1,1000.0,1
CustomerId_1881,5,35,291000.0,0
CustomerId_1882,19,4,6500.0,0
CustomerId_1884,72,1,10000.0,1
CustomerId_1885,30,1,150000.0,0
CustomerId_1886,50,3,13000.0,1
CustomerId_1887,56,1,1000.0,1
CustomerId_1888,63,1,10000.0,1
CustomerId_1889,5,67,452977.6,0
CustomerId_1890,6,9,102000.0,0
CustomerId_1891,45,11,2011160.0,1
CustomerId_1892,12,1,10000.0,0
CustomerId_1895,84,13,11452.0,1
CustomerId_1898,6,59,312400.0,0
CustomerId_1899,12,10,72000.0,0
CustomerId_1900,39,1,30000.0,1
CustomerId_1901,12,17,122000.0,0
CustomerId_1903,20,1,10000.0,0
CustomerId_1906,31,43,206805.0,0
CustomerId_1907,78,2,11000.0,1
CustomerId_1908,26,152,132137.0,0
CustomerId_1911,21,41,5239629.0,0
CustomerId_1913,77,1,500.0,1
CustomerId_1914,77,5,11250.0,1
CustomerId_1915,34,11,62624.0,0
CustomerId_1916,11,16,15115.0,0
CustomerId_1917,37,7,330000.0,1
CustomerId_1918,65,1,500.0,1
CustomerId_1919,47,5,31000.0,1
CustomerId_1922,12,5,32000.0,0
CustomerId_1923,6,5,32000.0,0
CustomerId_1925,26,45,61025.0,0
CustomerId_1927,32,4,21200.0,0
CustomerId_1928,26,3,1100.0,0
CustomerId_1929,1,259,966537.99,0
CustomerId_1930,47,6,41000.0,1
CustomerId_1931,12,10,62000.0,0
CustomerId_1932,58,32,40850.0,1
CustomerId_1935,71,1,1000.0,1
CustomerId_1937,7,67,342460.0,0
CustomerId_1938,33,66,84961.0,0
CustomerId_1942,40,7,5100.0,1
CustomerId_1943,28,52,147110.0,0
CustomerId_1944,7,6,92000.0,0
CustomerId_1945,25,4,9150.0,0
CustomerId_1946,1,20,152000.0,0
CustomerId_1947,81,28,165470.0,1
CustomerId_1950,47,9,61000.0,1
CustomerId_1951,38,2,2000.0,1
CustomerId_1956,2,60,124160.0,0
CustomerId_1961,3,1,1000.0,0
CustomerId_1963,86,6,14550.0,1
CustomerId_1965,6,25,168520.0,0
CustomerId_1966,67,1,10000.0,1
CustomerId_1967,16,5,33050.0,0
CustomerId_1968,3,8,29650.0,0
CustomerId_1969,2,106,608916.0,0
CustomerId_1970,20,7,16250.0,0
CustomerId_1971,47,6,41000.0,1
CustomerId_1972,37,2,1500.0,1
CustomerId_1973,6,10,62000.0,0
CustomerId_1974,1,25,189000.0,0
CustomerId_1975,54,6,41000.0,1
CustomerId_1976,1,144,422023.0,0
CustomerId_1978,33,6,42000.0,0
CustomerId_1979,83,181,318832.0,1
CustomerId_1980,1,2,100500.0,0
CustomerId_1981,43,8,5235.0,1
CustomerId_1983,61,13,36000.0,1
CustomerId_1984,34,1,540000.0,0
CustomerId_1985,1,73,222612.0,0
CustomerId_1986,37,2,1500.0,1
CustomerId_1987,1,425,2403233.4,0
CustomerId_1988,19,24,1934895.0,0
CustomerId_1990,33,6,42000.0,0
CustomerId_1991,12,4,22000.0,0
CustomerId_1994,21,9,5205.0,0
CustomerId_1995,11,278,1023889.36,0
CustomerId_1996,15,16,58118.0,0
CustomerId_1997,86,5,3340.0,1
CustomerId_1998,13,3,20000.0,0
CustomerId_1999,25,2,101500.0,0
CustomerId_2,84,1,10000.0,1
CustomerId_2001,82,14,12230.0,1
CustomerId_2002,11,2,5500.0,0
CustomerId_2003,12,15,97426.0,0
CustomerId_2004,72,2,1500.0,1
CustomerId_2006,55,75,736170.0,1
CustomerId_2007,87,1,500.0,1
CustomerId_2008,83,1,500.0,1
CustomerId_2009,13,15,97000.0,0
CustomerId_2012,47,17,65500.0,1
CustomerId_2013,6,146,653884.0,0
CustomerId_2014,33,6,42000.0,0
CustomerId_2015,5,10,62000.0,0
CustomerId_2016,55,15,17422.0,1
CustomerId_2017,22,85,127035.0,0
CustomerId_2018,2,9,62000.0,0
CustomerId_2019,85,1,2000.0,1
CustomerId_2020,12,5,27000.0,0
CustomerId_2022,84,4,1575.0,1
CustomerId_2025,33,6,41000.0,0
CustomerId_2029,4,1,1000.0,0
CustomerId_2030,19,1,2000.0,0
CustomerId_2032,3,67,361000.0,0
CustomerId_2033,8,76,138790.0,0
CustomerId_2034,19,15,76000.0,0
CustomerId_2035,10,10,24320.0,0
CustomerId_2036,87,1,50000.0,1
CustomerId_2039,57,1,500.0,1
CustomerId_2040,2,1,150000.0,0
CustomerId_2041,10,7,31520.0,0
CustomerId_2042,1,20,160000.0,0
CustomerId_2046,51,1,5000.0,1
CustomerId_2048,18,1,1000.0,0
CustomerId_2049,66,1,1000.0,1
CustomerId_2051,5,61,450600.0,0
CustomerId_2052,3,197,314976.0,0
CustomerId_2053,16,1,1000.0,0
CustomerId_2054,14,8,7120.0,0
CustomerId_2055,30,12,37410.0,0
CustomerId_2056,39,20,46425.0,1
CustomerId_2057,54,6,41000.0,1
CustomerId_2059,44,1,1100.0,1
CustomerId_2061,12,14,62000.0,0
CustomerId_2062,5,17,85395.0,0
CustomerId_2063,13,24,152000.0,0
CustomerId_2064,18,40,83705.0,0
CustomerId_2065,30,7,7100.0,0
CustomerId_2067,1,1,2000.0,0
CustomerId_2068,1,119,457662.0,0
CustomerId_2069,2,50,250405.0,0
CustomerId_2071,13,1,10000.0,0
CustomerId_2072,1,34,253000.0,0
CustomerId_2073,40,1,1000.0,1
CustomerId_2074,54,6,41000.0,1
CustomerId_2075,18,7,15140.0,0
CustomerId_2076,79,1,1500.0,1
CustomerId_2078,24,8,63270.0,0
CustomerId_2081,52,1,4000.0,1
CustomerId_2083,29,1,1000.0,0
CustomerId_2085,71,1,5000.0,1
CustomerId_2086,8,3,52520.0,0
CustomerId_2089,86,6,10080.0,1
CustomerId_2093,6,25,244000.0,0
CustomerId_2094,3,156,570255.4,0
CustomerId_2095,3,1,10000.0,0
CustomerId_2097,33,3,110000.0,0
CustomerId_2098,75,1,10000.0,1
CustomerId_2099,89,5,30400.0,1
CustomerId_2101,80,1,500.0,1
CustomerId_2102,54,7,61000.0,1
CustomerId_2103,54,6,41000.0,1
CustomerId_2104,68,6,41000.0,1
CustomerId_2105,20,1,1000.0,0
CustomerId_2106,1,14,112000.0,0
CustomerId_2107,12,7,51000.0,0
CustomerId_2108,33,2,40500.0,0
CustomerId_2109,38,3,3000.0,1
CustomerId_2110,91,1,1000.0,1
CustomerId_2111,1,111,364568.0,0
CustomerId_2115,27,1,2000.0,0
CustomerId_2116,85,1,2000.0,1
CustomerId_2117,1,14,102000.0,0
CustomerId_2120,19,5,32000.0,0
CustomerId_2122,9,1,500.0,0
CustomerId_2123,39,4,4500.0,1
CustomerId_2126,1,18,12800.0,0
CustomerId_2127,1,9,21350.0,0
CustomerId_2130,12,29,109452.0,0
CustomerId_2133,36,9,71400.0,0
CustomerId_2134,33,17,112000.0,0
CustomerId_2135,4,82,222385.96,0
CustomerId_2136,61,2,1050.0,1
CustomerId_2137,6,40,236000.0,0
CustomerId_2138,5,14,112000.0,0
CustomerId_2139,54,1,1000.0,1
CustomerId_2140,1,13,102000.0,0
CustomerId_2141,64,1,10000.0,1
CustomerId_2142,34,28,216700.0,0
CustomerId_2143,55,1,500000.0,1
CustomerId_2144,55,4,23000.0,1
CustomerId_2145,1,19,142000.0,0
CustomerId_2147,2,1,10000.0,0
CustomerId_2148,33,3,35000.0,0
CustomerId_2149,12,9,62000.0,0
CustomerId_2150,19,25,26663.0,0
CustomerId_2151,51,1,6000.0,1
CustomerId_2152,29,3,2050.0,0
CustomerId_2153,33,1,500.0,0
CustomerId_2154,2,127,464878.0,0
CustomerId_2155,75,5,31000.0,1
CustomerId_2156,59,8,4140.0,1
CustomerId_2157,42,1,1000.0,1
CustomerId_2158,86,3,225000.0,1
CustomerId_2159,36,3,4000.0,0
CustomerId_2165,56,3,6250.0,1
CustomerId_2166,42,1,50000.0,1
CustomerId_2167,26,10,62000.0,0
CustomerId_2169,1,4,127000.0,0
CustomerId_2170,15,2,4000.0,0
CustomerId_2171,2,17,123000.0,0
CustomerId_2172,2,9,11160.0,0
CustomerId_2173,5,7,51000.0,0
CustomerId_2175,20,6,32000.0,0
CustomerId_2176,29,3,12220.0,0
CustomerId_2178,17,25,374027.0,0
CustomerId_2179,85,2,1000.0,1
CustomerId_2181,76,1,1000.0,1
CustomerId_2183,75,7,31000.0,1
CustomerId_2184,59,6,23662.0,1
CustomerId_2186,1,94,222115.3,0
CustomerId_2187,4,37,46510.0,0
CustomerId_2188,78,8,6075.0,1
CustomerId_2190,36,1,1000.0,0
CustomerId_2191,64,3,42000.0,1
CustomerId_2192,12,4,22000.0,0
CustomerId_2198,66,1,100000.0,1
CustomerId_2204,9,7,218474.0,0
CustomerId_2205,19,8,119050.0,0
CustomerId_2206,54,6,41000.0,1
CustomerId_2207,82,1,5000.0,1
CustomerId_2211,54,9,101000.0,1
CustomerId_2212,5,22,125850.0,0
CustomerId_2213,1,47,302179.2,0
CustomerId_2214,1,147,2018067.0,0
CustomerId_2215,42,2,120000.0,1
CustomerId_2216,2,236,2227820.0,0
CustomerId_2217,1,13,100000.0,0
CustomerId_2218,4,1,2000.0,0
CustomerId_2219,75,5,22250.0,1
CustomerId_2221,3,68,670930.0,0
CustomerId_2223,33,5,40000.0,0
CustomerId_2224,89,9,51600.0,1
CustomerId_2226,14,1,10000.0,0
CustomerId_2227,35,1,1000.0,0
CustomerId_2230,1,32,260000.0,0
CustomerId_2231,5,5,32000.0,0
CustomerId_2232,47,6,41000.0,1
CustomerId_2233,2,148,262110.0,0
CustomerId_2239,47,5,31000.0,1
CustomerId_2243,47,7,51000.0,1
CustomerId_2244,4,1,1000.0,0
CustomerId_2245,87,1,10000.0,1
CustomerId_2246,66,21,20820.0,1
CustomerId_2247,80,20,14358.0,1
CustomerId_2250,12,8,62000.0,0
CustomerId_2253,55,17,36000.0,1
CustomerId_2254,86,1,2000.0,1
CustomerId_2256,57,2,2000.0,1
CustomerId_2258,55,6,41000.0,1
CustomerId_2260,1,22,180000.0,0
CustomerId_2261,20,2,4000.0,0
CustomerId_2262,41,11,91000.0,1
CustomerId_2263,8,6,9485.0,0
CustomerId_2265,74,9,30000.0,1
CustomerId_2266,2,77,23779644.5,0
CustomerId_2267,43,16,143041.0,1
CustomerId_2268,34,2,525.0,0
CustomerId_2269,54,6,41000.0,1
CustomerId_2272,75,8,27000.0,1
CustomerId_2273,8,17,173658.0,0
CustomerId_2275,72,1,1000.0,1
CustomerId_2276,4,73,50330.0,0
CustomerId_2277,12,5,32000.0,0
CustomerId_2279,33,7,62000.0,0
CustomerId_2280,62,1,1000.0,1
CustomerId_2281,1,7,4050.0,0
CustomerId_2282,10,7,14800.0,0
CustomerId_2283,31,1,1000.0,0
CustomerId_2284,8,25,15935.0,0
CustomerId_2286,80,1,500.0,1
CustomerId_2287,54,11,118725.0,1
CustomerId_2288,1,70,505300.0,0
CustomerId_2289,1,21,102000.0,0
CustomerId_2290,90,5,30400.0,1
CustomerId_2291,75,4,2520.0,1
CustomerId_2292,45,3,3058000.0,1
CustomerId_2294,67,15,26480.0,1
CustomerId_2295,27,4,6100.0,0
CustomerId_2296,1,4,2000.0,0
CustomerId_2297,5,19,24000.0,0
CustomerId_2298,81,21,136908.0,1
CustomerId_2299,30,7,33000.0,0
CustomerId_2300,53,2,1025.0,1
CustomerId_2301,26,236,789792.9,0
CustomerId_2302,5,6,42000.0,0
CustomerId_2303,1,11,13126000.0,0
CustomerId_2305,12,3,16000.0,0
CustomerId_2306,3,61,206380.0,0
CustomerId_2307,6,4,2000.0,0
CustomerId_2308,2,144,166305.0,0
CustomerId_2309,30,1,10000.0,0
CustomerId_2310,20,9,62000.0,0
CustomerId_2311,51,13,8640.0,1
CustomerId_2313,5,7,52000.0,0
CustomerId_2315,5,25,152000.0,0
CustomerId_2317,90,1,1000.0,1
CustomerId_2321,23,26,46665.0,0
CustomerId_2322,4,5,22400.0,0
CustomerId_2323,16,14,33797.0,0
CustomerId_2324,64,162,568722.0,1
CustomerId_2325,16,11,730000.0,0
CustomerId_2326,16,9,20075.0,0
CustomerId_2327,47,4,21000.0,1
CustomerId_2328,6,5,32000.0,0
CustomerId_2329,5,31,349979.0,0
CustomerId_2330,20,5,32000.0,0
CustomerId_2332,36,15,53404.0,0
CustomerId_2333,38,1,1000.0,1
CustomerId_2334,47,4,21000.0,1
CustomerId_2335,61,1,5000.0,1
CustomerId_2336,55,4,21000.0,1
CustomerId_2338,5,7,52000.0,0
CustomerId_2340,26,6,4510.0,0
CustomerId_2341,66,5,17500.0,1
CustomerId_2342,26,1,500.0,0
CustomerId_2343,1,64,133512.0,0
CustomerId_2344,60,3,86000.0,1
CustomerId_2345,47,6,41000.0,1
CustomerId_2346,74,2,11750.0,1
CustomerId_2347,23,1,20000.0,0
CustomerId_2348,19,37,98480.0,0
CustomerId_2349,33,484,1152764.5,0
CustomerId_2352,6,6,32000.0,0
CustomerId_2353,9,55,6290822.0,0
CustomerId_2356,42,1,5000.0,1
CustomerId_2357,89,1,2000.0,1
CustomerId_2359,6,3,110000.0,0
CustomerId_2360,56,25,48740.0,1
CustomerId_2361,29,1,1000.0,0
CustomerId_2362,53,4,3050.0,1
CustomerId_2363,5,27,232800.0,0
CustomerId_2365,27,1,500.0,0
CustomerId_2366,69,6,1100000.0,1
CustomerId_2368,6,9,62000.0,0
CustomerId_2369,37,5,5700.0,1
CustomerId_2371,68,8,61000.0,1
CustomerId_2372,19,1,5000.0,0
CustomerId_2373,19,11,165800.0,0
CustomerId_2374,1,6,3550.0,0
CustomerId_2375,14,3,22000.0,0
CustomerId_2376,87,1,500.0,1
CustomerId_2381,66,11,8610.0,1
CustomerId_2384,2,8,31750.0,0
CustomerId_2386,45,3,2122.0,1
CustomerId_2388,84,2,105000.0,1
CustomerId_2389,53,1,1000.0,1
CustomerId_2391,5,5,32000.0,0
CustomerId_2393,34,21,220800.0,0
CustomerId_2396,43,2,3250.0,1
CustomerId_2397,72,1,500.0,1
CustomerId_2398,75,1,50000.0,1
CustomerId_2400,47,8,76000.0,1
CustomerId_2401,6,14,108650.0,0
CustomerId_2402,33,19,20380.0,0
CustomerId_2403,1,21,153000.0,0
CustomerId_2404,75,5,8020.0,1
CustomerId_2405,7,1,2000.0,0
CustomerId_2406,9,22,21375.0,0
CustomerId_2407,68,6,5070.0,1
CustomerId_2408,47,7,71000.0,1
CustomerId_2409,42,1,1000.0,1
CustomerId_2414,6,34,330410.0,0
CustomerId_2415,26,1,5000.0,0
CustomerId_2416,45,57,131476.0,1
CustomerId_2417,3,124,1332954.8,0
CustomerId_2419,33,14,142000.0,0
CustomerId_2420,86,18,7100.0,1
CustomerId_2422,6,13,8401.0,0
CustomerId_2423,13,3,34020.0,0
CustomerId_2424,8,39,53880.0,0
CustomerId_2425,5,35,251200.0,0
CustomerId_2426,65,6,4425.0,1
CustomerId_2427,2,67,586200.0,0
CustomerId_2428,4,2,1000.0,0
CustomerId_2431,13,5,32000.0,0
CustomerId_2432,50,2,53000.0,1
CustomerId_2433,5,30,312000.0,0
CustomerId_2434,1,6,20100.0,0
CustomerId_2435,1,12,92000.0,0
CustomerId_2436,57,1,2500.0,1
CustomerId_2437,54,18,123400.0,1
CustomerId_2438,47,9,71000.0,1
CustomerId_2440,5,9,45050.0,0
CustomerId_2441,1,31,30265.0,0
CustomerId_2443,62,4,3050.0,1
CustomerId_2444,36,1,1000.0,0
CustomerId_2445,25,55,17746182.0,0
CustomerId_2446,76,62,213577.0,1
CustomerId_2447,86,9,13400.0,1
CustomerId_2451,83,1,1000.0,1
CustomerId_2454,36,15,12280.0,0
CustomerId_2455,63,2,51000.0,1
CustomerId_2456,29,1,12000.0,0
CustomerId_2457,6,22,55983.0,0
CustomerId_2458,71,1,500.0,1
CustomerId_2459,24,399,863349.0,0
CustomerId_2461,52,7,5550.0,1
CustomerId_2462,6,5,32000.0,0
CustomerId_2463,85,7,7300.0,1
CustomerId_2465,54,1,1000.0,1
CustomerId_2468,71,2,1800.0,1
CustomerId_2469,6,28,182000.0,0
CustomerId_2470,37,2,20500.0,1
CustomerId_2471,2,2,1500.0,0
CustomerId_2474,6,11,62000.0,0
CustomerId_2477,41,310,665157.5,0
CustomerId_2480,16,1,10000.0,0
CustomerId_2481,5,6,32000.0,0
CustomerId_2482,36,10,8235.0,0
CustomerId_2485,19,1,5000.0,0
CustomerId_2488,1,2,80000.0,0
CustomerId_2489,4,1,10000.0,0
CustomerId_2490,32,1,5000.0,0
CustomerId_2491,5,85,442462.0,0
CustomerId_2492,47,6,41000.0,1
CustomerId_2493,6,1,1000.0,0
CustomerId_2494,25,3,6100.0,0
CustomerId_2495,47,6,5050.0,1
CustomerId_2496,36,2,30000.0,0
CustomerId_2497,62,2,280500.0,1
CustomerId_2498,6,6,19150.0,0
CustomerId_2501,13,8,151000.0,0
CustomerId_2503,46,1,1500.0,1
CustomerId_2504,20,6,32000.0,0
CustomerId_2505,27,4,8000.0,0
CustomerId_2506,12,9,62000.0,0
CustomerId_2508,13,14,92000.0,0
CustomerId_2512,87,1,1000.0,1
CustomerId_2513,47,6,41000.0,1
CustomerId_2514,21,16,11050.0,0
CustomerId_2515,14,12,15730.0,0
CustomerId_2519,12,30,37285.0,0
CustomerId_2520,14,14,27050.0,0
CustomerId_2522,57,1,1000.0,1
CustomerId_2523,83,5,5020.0,1
CustomerId_2525,59,1,20000.0,1
CustomerId_2526,27,1,1000.0,0
CustomerId_2527,38,5,4020.0,1
CustomerId_2528,19,610,1856961.7,0
CustomerId_2529,19,63,199000.0,0
CustomerId_2530,61,12,36000.0,1
CustomerId_2531,3,133,217794.25,0
CustomerId_2532,1,1,10000.0,0
CustomerId_2534,75,1,1000.0,1
CustomerId_2535,59,14,216100.0,1
CustomerId_2536,33,1,500.0,0
CustomerId_2537,12,15,106474.0,0
CustomerId_2538,55,4,21000.0,1
CustomerId_2539,5,8,52000.0,0
CustomerId_2541,1,1,1000.0,0
CustomerId_2543,55,4,21000.0,1
CustomerId_2544,27,139,188035.0,0
CustomerId_2545,11,9,8200.0,0
CustomerId_2546,1,109,160660.0,0
CustomerId_2548,47,34,51851.0,1
CustomerId_2549,12,7,37000.0,0
CustomerId_2550,20,12,72000.0,0
CustomerId_2552,85,7,11496.0,1
CustomerId_2554,56,5,108550.0,1
CustomerId_2555,82,3,42500.0,1
CustomerId_2556,88,1,50000.0,1
CustomerId_2557,14,2,1500.0,0
CustomerId_2558,67,1,500.0,1
CustomerId_2559,36,1,1000.0,0
CustomerId_2560,5,5,32000.0,0
CustomerId_2561,2,1,40000.0,0
CustomerId_2562,1,21,202950.0,0
CustomerId_2564,5,35,246000.0,0
CustomerId_2565,1,4,4050.0,0
CustomerId_2569,58,10,7905.0,1
CustomerId_2570,55,1,500.0,1
CustomerId_2571,17,12,14310.0,0
CustomerId_2572,5,2,20000.0,0
CustomerId_2574,8,58,125481.5,0
CustomerId_2576,55,1,5000.0,1
CustomerId_2577,83,7,130000.0,1
CustomerId_2579,26,1,1000.0,0
CustomerId_2580,62,9,26997.54,1
CustomerId_2582,61,6,60000.0,1
CustomerId_2584,21,4,144632.0,0
CustomerId_2587,1,2,31000.0,0
CustomerId_2588,55,175,442597.0,1
CustomerId_2589,69,17,133400.0,1
CustomerId_2591,41,1,10000.0,1
CustomerId_2592,6,6,60000.0,0
CustomerId_2594,35,3,1055000.0,0
CustomerId_2595,50,79,156181.0,1
CustomerId_2596,68,4,2425.0,1
CustomerId_2597,16,3,5200.0,0
CustomerId_2598,86,17,23330.0,1
CustomerId_2599,33,6,42000.0,0
CustomerId_2600,32,1,1000.0,0
CustomerId_2601,24,12,24170.0,0
CustomerId_2602,78,13,8700.0,1
CustomerId_2603,5,14,121400.0,0
CustomerId_2604,20,73,280326.0,0
CustomerId_2605,12,11,82000.0,0
CustomerId_2607,1,153,151200.0,0
CustomerId_2609,40,52,133170.0,1
CustomerId_2610,5,3,2050.0,0
CustomerId_2612,3,532,738764.55,0
CustomerId_2613,49,1,500.0,1
CustomerId_2614,34,7,52000.0,0
CustomerId_2615,35,13,31570.0,0
CustomerId_2616,3,5,4120.0,0
CustomerId_2617,12,10,82000.0,0
CustomerId_2618,54,6,41000.0,1
CustomerId_2619,27,1,500.0,0
CustomerId_2621,72,1,2000.0,1
CustomerId_2623,46,15,52052.0,1
CustomerId_2625,83,1,1000.0,1
CustomerId_2626,91,1,2000.0,1
CustomerId_2627,5,5,32000.0,0
CustomerId_2628,84,1,10000.0,1
CustomerId_2630,59,5,171000.0,1
CustomerId_2631,19,1,1000.0,0
CustomerId_2632,30,30,33435.0,0
CustomerId_2633,62,8,21380.0,1
CustomerId_2634,31,4,14500.0,0
CustomerId_2635,2,1,50.0,0
CustomerId_2636,23,1,82000.0,0
CustomerId_2637,55,7,61000.0,1
CustomerId_2638,5,5,32000.0,0
CustomerId_2639,17,6,8105.0,0
CustomerId_2641,4,9,58369.8,0
CustomerId_2642,24,21,12209.5,0
CustomerId_2643,6,151,703653.15,0
CustomerId_2644,1,10,4040.0,0
CustomerId_2645,89,2,1575.0,1
CustomerId_2647,27,57,51226.0,0
CustomerId_2648,24,3,1510.0,0
CustomerId_2649,1,359,1493998.0,0
CustomerId_2651,15,44,70325.0,0
CustomerId_2652,65,2,2000.0,1
CustomerId_2653,35,6,52000.0,0
CustomerId_2654,71,11,8190.0,1
CustomerId_2655,6,1,1000.0,0
CustomerId_2656,21,5,320525.0,0
CustomerId_2659,11,61,116310.0,0
CustomerId_2662,2,115,1418983.68,0
CustomerId_2663,6,7,7025.0,0
CustomerId_2664,1,9,62000.0,0
CustomerId_2665,57,21,74200.0,1
CustomerId_2666,37,1,2500.0,1
CustomerId_2667,62,3,86000.0,1
CustomerId_2668,86,4,4530.0,1
CustomerId_2669,80,3,1010.0,1
CustomerId_2670,2,9,62000.0,0
CustomerId_2671,4,5,8589.0,0
CustomerId_2672,1,26,198032.75,0
CustomerId_2674,33,3,100500.0,0
CustomerId_2675,2,51,21085.0,0
CustomerId_2676,1,22,31300.0,0
CustomerId_2677,12,10,62000.0,0
CustomerId_2678,3,6,22000.0,0
CustomerId_2679,12,10,72000.0,0
CustomerId_2681,23,6,55000.0,0
CustomerId_2682,40,12,52000.0,1
CustomerId_2683,4,75,846614.0,0
CustomerId_2684,44,1,1000.0,1
CustomerId_2685,61,14,121400.0,1
CustomerId_2686,6,4,3020.0,0
CustomerId_2687,19,5,32000.0,0
CustomerId_2689,6,23,167000.0,0
CustomerId_2690,61,1,1000.0,1
CustomerId_2691,3,5,12100.0,0
CustomerId_2693,6,7,7080.0,0
CustomerId_2694,36,1,1000.0,0
CustomerId_2696,1,265,226961.0,0
CustomerId_2697,1,53,51885.0,0
CustomerId_2698,46,1,500.0,1
CustomerId_2700,5,7,66200.0,0
CustomerId_2701,1,21,112000.0,0
CustomerId_2703,42,1,500000.0,1
CustomerId_2704,6,24,152000.0,0
CustomerId_2705,60,1,160000.0,1
CustomerId_2706,7,155,181276.0,0
CustomerId_2707,79,4,4619.1,1
CustomerId_2708,22,4,2550.0,0
CustomerId_2709,75,14,8275.0,1
CustomerId_2710,2,174,779408.0,0
CustomerId_2712,24,1,500.0,0
CustomerId_2713,22,2,15000.0,0
CustomerId_2717,30,1,1000.0,0
CustomerId_2719,79,1,500.0,1
CustomerId_2720,55,6,41000.0,1
CustomerId_2722,46,4,43000.0,1
CustomerId_2723,81,4,5110.0,1
CustomerId_2724,38,1,20000.0,1
CustomerId_2727,13,4,7837.5,0
CustomerId_2728,1,586,1338517.4,0
CustomerId_2730,72,1,10000.0,1
CustomerId_2731,48,2,2000000.0,1
CustomerId_2732,38,1,1000.0,1
CustomerId_2733,12,9,62000.0,0
CustomerId_2734,54,4,32000.0,1
CustomerId_2735,2,17,12590.0,0
CustomerId_2736,32,8,70250.0,0
CustomerId_2737,1,14,102000.0,0
CustomerId_2738,5,22,67460.0,0
CustomerId_2739,2,61,398306.0,0
CustomerId_2740,47,4,6100.0,1
CustomerId_2741,51,1,1000.0,1
CustomerId_2742,81,1,1000.0,1
CustomerId_2743,24,83,197628.2,0
CustomerId_2745,54,23,96490.0,1
CustomerId_2746,6,16,52250.0,0
CustomerId_2747,69,14,136744.0,1
CustomerId_2749,4,19,57150.0,0
CustomerId_2750,2,31,67299.0,0
CustomerId_2751,39,2,29580.0,1
CustomerId_2753,68,58,531001.0,1
CustomerId_2754,82,1,500.0,1
CustomerId_2756,12,13,92000.0,0
CustomerId_2757,47,9,61000.0,1
CustomerId_2758,6,8,70000.0,0
CustomerId_2759,6,6,36000.0,0
CustomerId_2760,47,6,41000.0,1
CustomerId_2761,30,7,53000.0,0
CustomerId_2762,61,12,15825.0,1
CustomerId_2764,4,9,122000.0,0
CustomerId_2767,81,1,500.0,1
CustomerId_2769,56,3,8000.0,1
CustomerId_2771,29,1,1000.0,0
CustomerId_2772,5,67,78445.0,0
CustomerId_2773,2,27,52745.0,0
CustomerId_2774,16,229,703665.0,0
CustomerId_2775,22,21,166050.0,0
CustomerId_2776,52,15,271000.0,1
CustomerId_2777,33,6,42000.0,0
CustomerId_2778,12,5,32000.0,0
CustomerId_2782,6,47,224790.0,0
CustomerId_2783,55,10,17760.0,1
CustomerId_2785,47,6,41000.0,1
CustomerId_2786,40,6,9782.0,1
CustomerId_2787,29,33,27800.0,0
CustomerId_2788,40,1,20000.0,1
CustomerId_2790,58,4,3020.0,1
CustomerId_2791,31,1,2000.0,0
CustomerId_2793,1,89,237396.25,0
CustomerId_2794,20,5,32000.0,0
CustomerId_2796,71,1,1000.0,1
CustomerId_2797,18,24,275527.0,0
CustomerId_2798,4,46,36915.0,0
CustomerId_2799,83,2,1050.0,1
CustomerId_2800,12,9,62000.0,0
CustomerId_2801,47,5,31000.0,1
CustomerId_2802,4,49,113135.0,0
CustomerId_2803,25,9,8040.0,0
CustomerId_2804,16,1,10000.0,0
CustomerId_2806,68,4,2212.0,1
CustomerId_2807,66,29,186086.0,1
CustomerId_2808,2,12,13825.0,0
CustomerId_2809,6,71,140007.4,0
CustomerId_2810,57,5,330000.0,1
CustomerId_2811,69,1,4000.0,1
CustomerId_2812,16,2,25000.0,0
CustomerId_2815,7,64,42065.0,0
CustomerId_2816,2,225,252970.6,0
CustomerId_2817,8,1,10000.0,0
CustomerId_2818,8,94,200732.5,0
CustomerId_2820,6,15,420091.0,0
CustomerId_2822,17,15,177500.0,0
CustomerId_2824,47,6,41000.0,1
CustomerId_2825,14,4,11100.0,0
CustomerId_2826,46,1,14000.0,1
CustomerId_2827,10,1,10000.0,0
CustomerId_2828,1,18,137400.0,0
CustomerId_2829,60,7,32000.0,1
CustomerId_2831,61,11,46000.0,1
CustomerId_2832,62,2,85000.0,1
CustomerId_2833,44,2,10622.0,1
CustomerId_2834,67,1,1000.0,1
CustomerId_2835,6,9,862750.0,0
CustomerId_2836,5,19,107500.0,0
CustomerId_2838,22,47,42689.68,0
CustomerId_2839,19,4,5100.0,0
CustomerId_2840,65,1,2000.0,1
CustomerId_2841,20,1,500.0,0
CustomerId_2843,2,12,22610.0,0
CustomerId_2844,23,23,133770.0,0
CustomerId_2845,5,133,1036351.0,0
CustomerId_2846,3,146,272609.0,0
CustomerId_2847,43,4,51500.0,1
CustomerId_2849,6,12,241774.0,0
CustomerId_2850,44,8,18692.0,1
CustomerId_2851,61,1,800.0,1
CustomerId_2852,1,121,752312.0,0
CustomerId_2853,48,6,6300.0,1
CustomerId_2854,5,23,22275.0,0
CustomerId_2855,12,10,72000.0,0
CustomerId_2857,1,46,37590.0,0
CustomerId_2858,6,29,129800.0,0
CustomerId_2859,8,147,434651.28,0
CustomerId_2860,84,2,2000.0,1
CustomerId_2862,17,16,89022.0,0
CustomerId_2864,19,6,32000.0,0
CustomerId_2865,41,1,1000.0,1
CustomerId_2866,1,39,83620.0,0
CustomerId_2868,52,2,1015.0,1
CustomerId_2869,8,1,1000.0,0
CustomerId_2870,4,2,5100.0,0
CustomerId_2871,26,16,18630.0,0
CustomerId_2872,54,6,41000.0,1
CustomerId_2874,18,1,1000.0,0
CustomerId_2875,33,1,10000.0,0
CustomerId_2876,10,399,1731698.0,0
CustomerId_2877,34,17,3901000.0,0
CustomerId_2878,6,9,62000.0,0
CustomerId_2879,1,28,20240.0,0
CustomerId_2880,61,1,10000.0,1
CustomerId_2881,6,4,7050.0,0
CustomerId_2883,1,82,380050.4,0
CustomerId_2884,9,9,4201.75,0
CustomerId_2885,32,3,95500.0,0
CustomerId_2886,6,18,109000.0,0
CustomerId_2887,13,5,11200.0,0
CustomerId_2888,6,5,32000.0,0
CustomerId_2889,45,53,2429167.0,1
CustomerId_2890,19,5,32000.0,0
CustomerId_2892,1,1,5000.0,0
CustomerId_2893,25,3,53342.5,0
CustomerId_2894,38,14,391000.0,1
CustomerId_2895,3,27,79115.0,0
CustomerId_2896,45,2,32000.0,1
CustomerId_2898,59,2,1050.0,1
CustomerId_2900,83,1,2000.0,1
CustomerId_2901,61,2,160000.0,1
CustomerId_2902,16,16,64420.0,0
CustomerId_2904,19,6,39000.0,0
CustomerId_2906,75,1,1000.0,1
CustomerId_2907,27,20,56335.0,0
CustomerId_2908,65,29,63754.0,1
CustomerId_2909,38,1,500.0,1
CustomerId_2910,10,7,6295.0,0
CustomerId_2911,17,73,60272.0,0
CustomerId_2912,7,1,5000.0,0
CustomerId_2913,1,25,58050.0,0
CustomerId_2914,32,10,147892.0,0
CustomerId_2915,25,10,148812.0,0
CustomerId_2917,19,36,279444.0,0
CustomerId_2918,23,5,8260.0,0
CustomerId_2919,5,5,32000.0,0
CustomerId_2920,43,3,1510.0,1
CustomerId_2921,7,23,99800.0,0
CustomerId_2922,12,5,32000.0,0
CustomerId_2923,16,30,51540.0,0
CustomerId_2924,84,1,500.0,1
CustomerId_2925,85,1,5000.0,1
CustomerId_2926,7,25,50700.0,0
CustomerId_2927,83,1,5000.0,1
CustomerId_2928,76,1,10000.0,1
CustomerId_2930,5,5,32000.0,0
CustomerId_2931,43,4,2010.0,1
CustomerId_2932,1,30,54860.0,0
CustomerId_2933,61,15,1456000.0,1
CustomerId_2934,12,13,76700.0,0
CustomerId_2935,8,9,21700.0,0
CustomerId_2936,3,18,32870.0,0
CustomerId_2937,32,7,5100.0,0
CustomerId_2938,44,6,81200.0,1
CustomerId_2939,4,39,615748.0,0
CustomerId_2940,13,12,36950.0,0
CustomerId_2941,28,27,307500.0,0
CustomerId_2943,2,26,85222.0,0
CustomerId_2944,27,1,1000.0,0
CustomerId_2945,72,12,47430.0,1
CustomerId_2946,47,6,21200.0,1
CustomerId_2947,36,1,10000.0,0
CustomerId_2948,7,1,2000.0,0
CustomerId_2949,73,3,15000.0,1
CustomerId_2950,22,13,78105.0,0
CustomerId_2953,16,22,30955.0,0
CustomerId_2954,2,3,120000.0,0
CustomerId_2955,5,7,8150.0,0
CustomerId_2956,86,24,79560.0,1
CustomerId_2957,2,24,318885.0,0
CustomerId_2959,5,22,64826.0,0
CustomerId_2961,2,41,34845.0,0
CustomerId_2962,15,19,111892.0,0
CustomerId_2963,1,143,682921.6,0
CustomerId_2965,46,8,79000.0,1
CustomerId_2966,1,1,9000.0,0
CustomerId_2968,33,6,42000.0,0
CustomerId_2969,13,4,6125.0,0
CustomerId_2970,10,24,49000.0,0
CustomerId_2971,12,5,32000.0,0
CustomerId_2972,50,9,4675.0,1
CustomerId_2973,2,60,131790.0,0
CustomerId_2974,72,2,3150.0,1
CustomerId_2975,1,43,39990.0,0
CustomerId_2977,1,97,144069.0,0
CustomerId_2979,60,3,86000.0,1
CustomerId_2980,5,5,32000.0,0
CustomerId_2981,5,84,326940.9,0
CustomerId_2982,36,1,1000.0,0
CustomerId_2983,38,1,1500.0,1
CustomerId_2984,86,2,1020.0,1
CustomerId_2985,8,3,3100.0,0
CustomerId_2986,22,12,83492.0,0
CustomerId_2987,9,45,213130.0,0
CustomerId_2988,71,1,2000.0,1
CustomerId_2989,25,1,2000.0,0
CustomerId_2991,6,17,122000.0,0
CustomerId_2992,33,7,32000.0,0
CustomerId_2993,5,14,63225.0,0
CustomerId_2994,1,22,42975.0,0
CustomerId_2995,12,5,32000.0,0
CustomerId_2996,1,19,63384.0,0
CustomerId_2997,41,13,13200.0,1
CustomerId_3,84,1,10000.0,1
CustomerId_3000,7,69,99500.0,0
CustomerId_3001,39,4,2500.0,1
CustomerId_3002,1,34,47105.0,0
CustomerId_3003,15,15,42455.0,0
CustomerId_3004,16,1,1000.0,0
CustomerId_3005,56,7,3510.0,1
CustomerId_3007,36,6,39040.0,0
CustomerId_3008,19,74,389696.4,0
CustomerId_3009,26,40,15100.0,0
CustomerId_3011,1,39,367021.0,0
CustomerId_3012,12,5,31000.0,0
CustomerId_3013,1,50,89395.0,0
CustomerId_3014,56,1,500.0,1
CustomerId_3015,2,3,2020.0,0
CustomerId_3016,9,1,120000.0,0
CustomerId_3020,89,3,1010.0,1
CustomerId_3022,5,106,1011723.0,0
CustomerId_3026,75,4,7000.0,1
CustomerId_3027,35,2,101000.0,0
CustomerId_3030,1,137,816500.5,0
CustomerId_3031,49,11,7575.0,1
CustomerId_3032,41,1,500.0,1
CustomerId_3033,26,8,9100.0,0
CustomerId_3034,16,110,82920.0,0
CustomerId_3035,6,66,164005.0,0
CustomerId_3036,2,43,54075.0,0
CustomerId_3037,53,1,50000.0,1
CustomerId_3038,5,3,3000.0,0
CustomerId_3040,83,4,23000.0,1
CustomerId_3041,5,90,503970.5,0
CustomerId_3042,90,1,5000.0,1
CustomerId_3043,38,13,15190.0,1
CustomerId_3044,3,14,19595.0,0
CustomerId_3045,62,2,160000.0,1
CustomerId_3046,6,6,32000.0,0
CustomerId_3047,47,5,31000.0,1
CustomerId_3048,8,77,169181.0,0
CustomerId_3049,60,5,326000.0,1
CustomerId_3050,51,1,20000.0,1
CustomerId_3051,6,13,92000.0,0
CustomerId_3052,62,12,11080.0,1
CustomerId_3053,3,1,100000.0,0
CustomerId_3054,25,19,22420.0,0
CustomerId_3057,35,8,6500.0,0
CustomerId_3058,83,28,78420.0,1
CustomerId_3061,1,14,112000.0,0
CustomerId_3062,54,1,500.0,1
CustomerId_3063,60,10,341000.0,1
CustomerId_3064,1,23,172000.0,0
CustomerId_3066,1,612,1169004.0,0
CustomerId_3067,16,1,2000.0,0
CustomerId_3068,55,18,40225.0,1
CustomerId_3069,73,1,1000.0,1
CustomerId_3072,12,4,22000.0,0
CustomerId_3073,63,11,12170.0,1
CustomerId_3074,1,22,172000.0,0
CustomerId_3075,6,46,5346022.0,0
CustomerId_3076,1,4,3020.0,0
CustomerId_3077,5,20,152000.0,0
CustomerId_3078,1,573,2539460.0,0
CustomerId_3079,16,8,10120.0,0
CustomerId_3081,28,2,22000.0,0
CustomerId_3083,50,27,28600.0,1
CustomerId_3084,1,14,102000.0,0
CustomerId_3085,12,13,92000.0,0
CustomerId_3087,88,2,1800.0,1
CustomerId_3088,5,90,1178791.0,0
CustomerId_3089,69,18,276473.0,1
CustomerId_3090,36,4,2006200.0,0
CustomerId_3091,1,179,325675.0,0
CustomerId_3092,2,82,310753.5,0
CustomerId_3093,20,5,32000.0,0
CustomerId_3096,10,3,4000.0,0
CustomerId_3097,11,52,114284.0,0
CustomerId_3098,44,1,50000.0,1
CustomerId_3102,25,197,1729120.0,0
CustomerId_3103,7,77,1953989.0,0
CustomerId_3104,2,17,66600.0,0
CustomerId_3105,1,199,165362.0,0
CustomerId_3107,89,1,10000.0,1
CustomerId_3109,13,5,32000.0,0
CustomerId_3110,1,20,153000.0,0
CustomerId_3111,1,112,618600.0,0
CustomerId_3112,44,26,48700.0,1
CustomerId_3113,23,13,142917.0,0
CustomerId_3115,85,6,3075.0,1
CustomerId_3116,13,34,22740.0,0
CustomerId_3117,46,1,1000.0,1
CustomerId_3118,37,1,500.0,1
CustomerId_3120,1,53,131342.0,0
CustomerId_3121,2,75,124130.0,0
CustomerId_3123,2,57,47691.0,0
CustomerId_3124,1,89,206066.0,0
CustomerId_3125,82,11,16220.0,1
CustomerId_3126,51,12,88100.0,1
CustomerId_3127,19,6,45000.0,0
CustomerId_3128,76,1,20000.0,1
CustomerId_3130,2,2,5200.0,0
CustomerId_3133,28,5,151840.0,0
CustomerId_3135,12,11,90400.0,0
CustomerId_3137,12,9,62000.0,0
CustomerId_3138,22,1,500.0,0
CustomerId_3140,42,54,52615.0,1
CustomerId_3141,62,5,4070.0,1
CustomerId_3143,4,7,10080.0,0
CustomerId_3145,75,1,500.0,1
CustomerId_3147,20,6,32000.0,0
CustomerId_3148,70,1,5000.0,1
CustomerId_3149,26,1,1000.0,0
CustomerId_3150,5,58,50550.0,0
CustomerId_3151,23,3,2020.0,0
CustomerId_3152,15,1,1500.0,0
CustomerId_3153,21,30,36915.0,0
CustomerId_3156,24,23,104680.0,0
CustomerId_3158,52,1,1000.0,1
CustomerId_3159,32,8,23420.0,0
CustomerId_3160,53,2,40000.0,1
CustomerId_3162,1,7,14180.0,0
CustomerId_3163,3,44,109885.5,0
CustomerId_3164,1,25,177400.0,0
CustomerId_3165,14,19,123748.0,0
CustomerId_3166,88,1,1000.0,1
CustomerId_3167,6,9,34430.0,0
CustomerId_3168,53,7,10530.0,1
CustomerId_3169,75,4,22500.0,1
CustomerId_3170,47,1,1000.0,1
CustomerId_3171,77,3,61840.0,1
CustomerId_3172,3,20,142400.0,0
CustomerId_3174,75,12,243531.4,1
CustomerId_3175,64,7,24600.0,1
CustomerId_3177,12,5,32000.0,0
CustomerId_3178,60,5,326000.0,1
CustomerId_3179,5,5,32000.0,0
CustomerId_3180,3,81,314299.0,0
CustomerId_3181,24,18,63080.0,0
CustomerId_3183,3,9,62000.0,0
CustomerId_3184,5,6,42000.0,0
CustomerId_3187,1,70,104330.0,0
CustomerId_3188,84,1,5000.0,1
CustomerId_3189,11,2,18000.0,0
CustomerId_319,23,1,62000.0,0
CustomerId_3190,1,34,262400.0,0
CustomerId_3191,5,5,32000.0,0
CustomerId_3192,5,17,117000.0,0
CustomerId_3193,82,9,62156.0,1
CustomerId_3194,62,1,10000.0,1
CustomerId_3196,61,11,5740.0,1
CustomerId_3197,62,1,80000.0,1
CustomerId_3198,14,32,346291.0,0
CustomerId_320,27,2,40000.0,0
CustomerId_3200,28,44,282438.0,0
CustomerId_3201,40,2,40000.0,1
CustomerId_3202,1,1,1000.0,0
CustomerId_3203,60,4,91000.0,1
CustomerId_3204,1,426,760101.5,0
CustomerId_3205,9,30,33590.0,0
CustomerId_3206,60,5,171000.0,1
CustomerId_3208,1,20,167050.0,0
CustomerId_3209,9,93,83397.75,0
CustomerId_321,78,1,200000.0,1
CustomerId_3210,68,12,105000.0,1
CustomerId_3211,47,6,41000.0,1
CustomerId_3212,6,5,4050.0,0
CustomerId_3213,5,59,184758.0,0
CustomerId_3214,15,1,500.0,0
CustomerId_3215,5,4,22000.0,0
CustomerId_3217,30,10,28120.0,0
CustomerId_3218,59,130,310845.0,1
CustomerId_3219,82,8,61400.0,1
CustomerId_322,65,1,500.0,1
CustomerId_3220,48,7,23020.0,1
CustomerId_3221,2,30,28945.0,0
CustomerId_3222,27,15,91099.0,0
CustomerId_3223,7,45,85250.0,0
CustomerId_3224,27,44,164921.2,0
CustomerId_3225,6,291,873447.3,0
CustomerId_3226,1,5,21400.0,0
CustomerId_3229,9,10,24540.0,0
CustomerId_323,34,9,747000.0,0
CustomerId_3230,24,16,24975.0,0
CustomerId_3231,48,1,5000.0,1
CustomerId_3232,28,13,65395.0,0
CustomerId_3233,1,141,690281.0,0
CustomerId_3234,36,3,3000.0,0
CustomerId_3235,1,164,154396.0,0
CustomerId_3236,86,1,500.0,1
CustomerId_3237,18,2,10000.0,0
CustomerId_3238,3,74,106993.55,0
CustomerId_324,68,1,1000.0,1
CustomerId_3240,6,4,3050.0,0
CustomerId_3241,3,39,123435.0,0
CustomerId_3242,47,5,31000.0,1
CustomerId_3243,1,47,117082.0,0
CustomerId_3245,5,25,142000.0,0
CustomerId_3246,12,12,17676.0,0
CustomerId_3247,35,10,8100.0,0
CustomerId_3248,9,1,1000.0,0
CustomerId_3249,12,5,32000.0,0
CustomerId_3250,5,35,28850.0,0
CustomerId_3251,6,5,16722.0,0
CustomerId_3252,6,2,15000.0,0
CustomerId_3253,55,3,1025.0,1
CustomerId_3254,87,1,2000.0,1
CustomerId_3255,34,8,82000.0,0
CustomerId_3256,68,1,500.0,1
CustomerId_3257,12,16,122200.0,0
CustomerId_3258,63,5,406000.0,1
CustomerId_3259,41,11,81000.0,1
CustomerId_3260,19,1,1000.0,0
CustomerId_3261,47,5,31200.0,1
CustomerId_3262,71,6,4530.0,1
CustomerId_3263,12,13,92000.0,0
CustomerId_3265,35,323,445446.75,0
CustomerId_3266,75,6,41000.0,1
CustomerId_3267,26,12,62000.0,0
CustomerId_3268,34,3,1510.0,0
CustomerId_3269,13,5,32000.0,0
CustomerId_327,53,1,500.0,1
CustomerId_3270,1,23,165000.0,0
CustomerId_3271,55,1,10080.0,1
CustomerId_3272,4,29,76424.0,0
CustomerId_3273,36,4,2500.0,0
CustomerId_3274,59,1,1000.0,1
CustomerId_3275,47,6,31000.0,1
CustomerId_3276,5,52,29410.0,0
CustomerId_3278,19,5,32000.0,0
CustomerId_3279,41,5,122005.0,1
CustomerId_328,1,68,279280.75,0
CustomerId_3280,66,6,3990.0,1
CustomerId_3282,90,1,1000.0,1
CustomerId_3285,6,9,62000.0,0
CustomerId_3287,59,3,6250.0,1
CustomerId_3288,12,5,32000.0,0
CustomerId_3289,2,34,231400.0,0
CustomerId_329,34,6,9360.0,0
CustomerId_3290,78,10,48322.0,1
CustomerId_3291,55,3,21644.0,1
CustomerId_3292,2,61,80745.0,0
CustomerId_3293,63,2,17000.0,1
CustomerId_3294,38,1,3000.0,1
CustomerId_3295,30,2,14800.0,0
CustomerId_3296,35,1,1000.0,0
CustomerId_3297,12,9,62000.0,0
CustomerId_3298,2,6,18350.0,0
CustomerId_3299,16,21,224255.0,0
CustomerId_330,3,22,143225.0,0
CustomerId_3301,53,3,1510.0,1
CustomerId_3302,8,3,2050.0,0
CustomerId_3303,57,6,32122.0,1
CustomerId_3306,38,3,3000.0,1
CustomerId_3307,5,48,159256.0,0
CustomerId_3308,5,17,122000.0,0
CustomerId_3309,6,2,60000.0,0
CustomerId_331,46,5,8860.0,1
CustomerId_3310,3,43,36430.0,0
CustomerId_3311,54,6,41000.0,1
CustomerId_3313,57,3,6100.0,1
CustomerId_3314,40,2,1000.0,1
CustomerId_3315,78,1,23400.0,1
CustomerId_3317,6,9,62000.0,0
CustomerId_3318,34,10,12340.0,0
CustomerId_332,4,1,1000.0,0
CustomerId_3320,12,9,62000.0,0
CustomerId_3321,6,5,32000.0,0
CustomerId_3322,5,6,28000.0,0
CustomerId_3323,2,19,168164.0,0
CustomerId_3326,33,6,42000.0,0
CustomerId_3327,65,1,10000.0,1
CustomerId_3328,1,60,71210.0,0
CustomerId_3329,4,32,67292.0,0
CustomerId_3330,2,120,2037889.0,0
CustomerId_3331,58,3,37000.0,1
CustomerId_3332,61,11,34135.0,1
CustomerId_3333,43,1,2000.0,1
CustomerId_3334,52,13,9367.0,1
CustomerId_3336,7,4,2510.0,0
CustomerId_3339,36,3,3000.0,0
CustomerId_334,61,33,302800.0,1
CustomerId_3340,5,13,66616.0,0
CustomerId_3341,16,9,24000.0,0
CustomerId_3343,23,1,1000.0,0
CustomerId_3344,12,9,62000.0,0
CustomerId_3345,1,5,3010.0,0
CustomerId_3346,5,8,90000.0,0
CustomerId_3347,34,2,3000.0,0
CustomerId_3349,58,10,34144.0,1
CustomerId_335,8,106,910985.25,0
CustomerId_3352,5,18,132000.0,0
CustomerId_3353,1,161,221978.0,0
CustomerId_3354,5,5,26200.0,0
CustomerId_3355,5,5,32000.0,0
CustomerId_3356,38,1,5000.0,1
CustomerId_3357,13,6,8040.0,0
CustomerId_3359,3,3,1525.0,0
CustomerId_336,1,37,141440.0,0
CustomerId_3360,47,6,41000.0,1
CustomerId_3361,40,2,2000.0,1
CustomerId_3363,2,36,86249.5,0
CustomerId_3364,35,1,2000.0,0
CustomerId_3365,1,5,22020.0,0
CustomerId_3366,6,7,70700.0,0
CustomerId_337,44,7,195600.0,1
CustomerId_3371,1,299,1582976.32,0
CustomerId_3373,56,12,48000.0,1
CustomerId_3374,5,94,346492.0,0
CustomerId_3375,42,1,300.0,1
CustomerId_3376,68,2,2000.0,1
CustomerId_3377,75,5,4050.0,1
CustomerId_3378,65,1,80000.0,1
CustomerId_3379,9,44,101080.0,0
CustomerId_338,38,2,55000.0,1
CustomerId_3380,19,5,32000.0,0
CustomerId_3381,38,3,2000.0,1
CustomerId_3385,24,24,320618.0,0
CustomerId_3386,64,6,5070.0,1
CustomerId_3387,73,4,8000.0,1
CustomerId_3388,12,5,31000.0,0
CustomerId_3389,2,96,170300.0,0
CustomerId_3390,1,58,51480.0,0
CustomerId_3391,4,121,269146.0,0
CustomerId_3392,25,6,3510.0,0
CustomerId_3397,1,19,40882.0,0
CustomerId_3398,86,16,45320.0,1
CustomerId_3399,5,45,49315.0,0
CustomerId_340,43,9,8210.0,1
CustomerId_3400,79,2,510.0,1
CustomerId_3401,3,16,55878.0,0
CustomerId_3402,9,2,3000.0,0
CustomerId_3403,11,26,72938.8,0
CustomerId_3404,57,6,9060.0,1
CustomerId_3405,9,189,270870.0,0
CustomerId_3407,48,13,31440.0,1
CustomerId_3408,47,6,41000.0,1
CustomerId_341,2,34,299413.0,0
CustomerId_3410,48,6,7100.0,1
CustomerId_3412,68,6,41000.0,1
CustomerId_3413,77,6,11050.0,1
CustomerId_3414,83,1,1000.0,1
CustomerId_3415,5,471,1526598.0,0
CustomerId_3416,84,4,4200.0,1
CustomerId_3417,48,5,31000.0,1
CustomerId_3418,6,5,32000.0,0
CustomerId_3419,1,67,113215.0,0
CustomerId_3420,1,22,102000.0,0
CustomerId_3421,20,1,100000.0,0
CustomerId_3422,1,131,249658.3,0
CustomerId_3424,51,2,1000.0,1
CustomerId_3425,62,1,1000.0,1
CustomerId_3426,60,1,2000.0,1
CustomerId_3427,3,116,341753.0,0
CustomerId_3428,88,7,19900.0,1
CustomerId_343,12,18,122000.0,0
CustomerId_3430,2,21,112095.0,0
CustomerId_3431,8,8,8400.0,0
CustomerId_3432,59,98,166526.33,1
CustomerId_3433,55,24,41496.9,1
CustomerId_3434,47,6,41000.0,1
CustomerId_3435,4,4,17200.0,0
CustomerId_3436,70,7,7356.0,1
CustomerId_3437,47,6,41000.0,1
CustomerId_3438,4,35,43015.0,0
CustomerId_3439,1,37,262800.0,0
CustomerId_3440,14,22,22650.0,0
CustomerId_3441,76,7,19201.0,1
CustomerId_3442,1,130,221644.0,0
CustomerId_3443,90,3,2020.0,1
CustomerId_3444,51,29,20529.0,1
CustomerId_3445,6,54,28540.0,0
CustomerId_3447,5,21,49606.0,0
CustomerId_3448,64,1,1000.0,1
CustomerId_3449,11,18,12345.0,0
CustomerId_345,9,5,3050.0,0
CustomerId_3451,1,7,60800.0,0
CustomerId_3452,2,130,559562.0,0
CustomerId_3453,3,37,23055.0,0
CustomerId_3454,6,86,465240.0,0
CustomerId_3456,70,1,1000.0,1
CustomerId_3457,73,3,21644.0,1
CustomerId_3458,82,2,3000.0,1
CustomerId_3459,21,10,18540.0,0
CustomerId_3461,1,11,4610.0,0
CustomerId_3462,58,7,8060.0,1
CustomerId_3463,24,117,359210.0,0
CustomerId_3464,16,20,134975.0,0
CustomerId_3465,33,6,32000.0,0
CustomerId_3466,39,3,2000.0,1
CustomerId_3467,8,45,1116008.0,0
CustomerId_3468,55,26,182800.0,1
CustomerId_347,59,6,6000.0,1
CustomerId_3470,6,9,7265.0,0
CustomerId_3471,21,26,229800.0,0
CustomerId_3473,86,5,22000.0,1
CustomerId_3474,1,52,64114.0,0
CustomerId_3475,26,14,91384.0,0
CustomerId_3476,59,18,660123.8,1
CustomerId_3477,24,35,205505.75,0
CustomerId_3478,18,6,4590.0,0
CustomerId_3479,6,4,4040.0,0
CustomerId_348,69,5,4100.0,1
CustomerId_3482,73,11,51000.0,1
CustomerId_3483,47,5,3100.0,1
CustomerId_3485,22,1,500.0,0
CustomerId_3486,27,2,3000.0,0
CustomerId_3487,6,110,89295.0,0
CustomerId_3488,35,1,30000.0,0
CustomerId_3489,5,5,32000.0,0
CustomerId_349,6,40,63275.0,0
CustomerId_3490,34,1,1000.0,0
CustomerId_3491,7,22,51174.0,0
CustomerId_3492,32,4,13000.0,0
CustomerId_3493,22,6,18100.0,0
CustomerId_3494,8,7,16750.0,0
CustomerId_3495,38,2,1000.0,1
CustomerId_3496,1,39,113254.4,0
CustomerId_3497,42,58,237085.0,1
CustomerId_3498,7,9,649229.0,0
CustomerId_350,1,18,132000.0,0
CustomerId_3500,53,4,4100.0,1
CustomerId_3501,46,296,728064.0,0
CustomerId_3503,16,3,1510.0,0
CustomerId_3504,31,36,93150.0,0
CustomerId_3505,3,1,1500.0,0
CustomerId_3506,5,17,28865.0,0
CustomerId_3507,41,11,6650.0,1
CustomerId_3508,76,14,31100.0,1
CustomerId_3509,10,42,64836.85,0
CustomerId_351,34,2,20550.0,0
CustomerId_3510,19,2,14860.0,0
CustomerId_3511,3,47,164310.0,0
CustomerId_3512,65,3,2020.0,1
CustomerId_3513,34,6,5910.0,0
CustomerId_3515,2,86,362075.1,0
CustomerId_3516,77,2,1020.0,1
CustomerId_3517,31,21,73350.0,0
CustomerId_3519,60,24,22805.0,1
CustomerId_352,2,49,362134.0,0
CustomerId_3520,16,1,1000.0,0
CustomerId_3521,51,30,26030.0,1
CustomerId_3522,72,3,2020.0,1
CustomerId_3523,90,1,1000.0,1
CustomerId_3524,1,44,35850.0,0
CustomerId_3525,2,113,270370.0,0
CustomerId_3526,16,10,25650.0,0
CustomerId_3527,60,1,4500.0,1
CustomerId_3528,60,2,110000.0,1
CustomerId_3530,1,123,430432.5,0
CustomerId_3533,67,1,1000.0,1
CustomerId_3534,52,4,104200.0,1
CustomerId_3535,1,98,305566.0,0
CustomerId_3536,33,6,42000.0,0
CustomerId_3537,63,1,80000.0,1
CustomerId_3540,26,11,270000.0,0
CustomerId_3541,12,14,20450.0,0
CustomerId_3542,56,5,327000.0,1
CustomerId_3543,10,140,322294.0,0
CustomerId_3545,59,6,9200.0,1
CustomerId_3547,5,2,10000.0,0
CustomerId_3548,23,4,14000.0,0
CustomerId_3549,1,49,412675.08,0
CustomerId_355,47,7,51000.0,1
CustomerId_3550,14,10,40100.0,0
CustomerId_3551,3,152,617566.0,0
CustomerId_3554,38,1,10000.0,1
CustomerId_3555,1,125,331194.0,0
CustomerId_3556,54,32,152850.0,1
CustomerId_3557,50,17,55000.0,1
CustomerId_3558,5,23,48500.0,0
CustomerId_3559,19,5,32000.0,0
CustomerId_356,30,20,34370.0,0
CustomerId_3561,3,24,27335.0,0
CustomerId_3562,26,7,2150.0,0
CustomerId_3564,61,4,27000.0,1
CustomerId_3566,32,1,500.0,0
CustomerId_3567,25,1,10000.0,0
CustomerId_3569,3,7,5030.0,0
CustomerId_357,47,6,31000.0,1
CustomerId_3570,46,2,20500.0,1
CustomerId_3571,20,10,9570.0,0
CustomerId_3572,83,4,2010.0,1
CustomerId_3573,40,2,11000.0,1
CustomerId_3574,49,1,1000.0,1
CustomerId_3575,51,25,1261000.0,1
CustomerId_3577,16,1,1000.0,0
CustomerId_3578,49,5,9400.0,1
CustomerId_3579,15,3,7900.0,0
CustomerId_3581,32,30,2722000.0,0
CustomerId_3582,1,69,70335.0,0
CustomerId_3583,47,5,31000.0,1
CustomerId_3589,59,1,1000.0,1
CustomerId_359,61,10,36000.0,1
CustomerId_3590,1,61,481435.8,0
CustomerId_3592,24,2,4000.0,0
CustomerId_3593,80,2,26000.0,1
CustomerId_3595,1,23,67070.0,0
CustomerId_3597,4,26,69160.0,0
CustomerId_3599,9,15,31920.0,0
CustomerId_3600,2,74,557972.0,0
CustomerId_3601,6,9,102000.0,0
CustomerId_3602,1,218,276900.66,0
CustomerId_3605,1,75,388350.0,0
CustomerId_3608,57,19,30851.6,1
CustomerId_3609,47,12,14392.8,1
CustomerId_361,47,5,31000.0,1
CustomerId_3610,29,31,76020.0,0
CustomerId_3611,20,29,71437.0,0
CustomerId_3613,1,236,379842.85,0
CustomerId_3614,2,4,2010.0,0
CustomerId_3615,51,3,12220.0,1
CustomerId_3616,6,1,1000.0,0
CustomerId_3617,72,12,90942.0,1
CustomerId_362,49,8,34000.0,1
CustomerId_3621,12,10,62000.0,0
CustomerId_3622,12,3,9000.0,0
CustomerId_3623,8,3,1510.0,0
CustomerId_3624,33,5,32000.0,0
CustomerId_3625,30,8,54000.0,0
CustomerId_3626,1,14,112000.0,0
CustomerId_3627,47,1,1500.0,1
CustomerId_3628,28,17,21200.0,0
CustomerId_3629,56,2,22000.0,1
CustomerId_3630,66,2,22000.0,1
CustomerId_3631,19,5,32000.0,0
CustomerId_3632,4,21,17215.0,0
CustomerId_3633,39,1,500.0,1
CustomerId_3634,34,2085,2726207.0,0
CustomerId_3635,1,55,511602.04,0
CustomerId_3636,5,51,492100.0,0
CustomerId_3637,10,14,10250.0,0
CustomerId_3638,1,338,873315.84,0
CustomerId_3639,38,1,2000.0,1
CustomerId_3641,20,9,62000.0,0
CustomerId_3642,19,10,120400.0,0
CustomerId_3643,19,5,32000.0,0
CustomerId_3645,5,11,196925.0,0
CustomerId_3646,61,3,86000.0,1
CustomerId_3647,90,2,510.0,1
CustomerId_3648,7,17,194280.0,0
CustomerId_3649,14,1,10000.0,0
CustomerId_3650,2,44,58260.0,0
CustomerId_3651,7,18,31346.0,0
CustomerId_3653,39,1,100000.0,1
CustomerId_3654,6,14,92000.0,0
CustomerId_3655,12,27,91550.0,0
CustomerId_3656,2,62,185667.0,0
CustomerId_3658,56,47,283587.0,1
CustomerId_3659,47,6,41000.0,1
CustomerId_366,19,8,8400.0,0
CustomerId_3660,43,1,500.0,1
CustomerId_3663,12,11,181800.0,0
CustomerId_3664,20,1,1000000.0,0
CustomerId_3665,70,2,10000.0,1
CustomerId_3666,33,6,42000.0,0
CustomerId_3667,18,6,8550.0,0
CustomerId_3668,5,6,42000.0,0
CustomerId_3670,1,13,85684.0,0
CustomerId_3671,9,1,10000.0,0
CustomerId_3672,3,106,110369.0,0
CustomerId_3673,57,1,10000.0,1
CustomerId_3678,20,48,103959.0,0
CustomerId_368,24,2,25000.0,0
CustomerId_3680,12,19,112400.0,0
CustomerId_3681,68,1,5000.0,1
CustomerId_3682,86,2,525.0,1
CustomerId_3683,7,24,13125.0,0
CustomerId_3684,13,5,4020.0,0
CustomerId_3685,20,5,32000.0,0
CustomerId_3686,90,3,1430.0,1
CustomerId_3687,27,1,1500.0,0
CustomerId_3688,12,25,182000.0,0
CustomerId_3689,12,9,62000.0,0
CustomerId_369,1,16,132000.0,0
CustomerId_3690,29,40,477335.0,0
CustomerId_3691,81,1,10000.0,1
CustomerId_3693,32,2,1020.0,0
CustomerId_3694,9,88,46360.0,0
CustomerId_3696,60,7,10000.0,1
CustomerId_3697,11,8,22390.0,0
CustomerId_3698,12,5,32000.0,0
CustomerId_3700,81,1,5000.0,1
CustomerId_3701,27,40,1114500.0,0
CustomerId_3703,1,46,251025.0,0
CustomerId_3706,25,115,244010.0,0
CustomerId_3707,12,35,182000.0,0
CustomerId_3708,87,1,20000.0,1
CustomerId_3711,7,81,105690.0,0
CustomerId_3712,6,39,360671.2,0
CustomerId_3714,9,7,38000.0,0
CustomerId_3715,4,34,38030.0,0
CustomerId_3716,15,24,97301.0,0
CustomerId_3717,10,4,17160.0,0
CustomerId_3719,28,1,500.0,0
CustomerId_3720,13,50,39106.0,0
CustomerId_3721,25,24,31425.0,0
CustomerId_3722,39,5,13050.0,1
CustomerId_3723,16,5,107000.0,0
CustomerId_3724,63,1,80000.0,1
CustomerId_3725,60,1,1000.0,1
CustomerId_3727,60,5,25000.0,1
CustomerId_3729,2,78,78515.0,0
CustomerId_373,34,1,1000.0,0
CustomerId_3730,2,256,474523.0,0
CustomerId_3732,12,3,16000.0,0
CustomerId_3733,64,1,5000.0,1
CustomerId_3734,21,2,1600.0,0
CustomerId_3735,81,14,16270.0,1
CustomerId_3736,1,13,102000.0,0
CustomerId_3737,2,67,373512.0,0
CustomerId_3738,41,3,5000.0,1
CustomerId_3739,85,1,500.0,1
CustomerId_374,33,5,32000.0,0
CustomerId_3741,73,1,500.0,1
CustomerId_3742,44,1,12000.0,1
CustomerId_3743,65,2,2000.0,1
CustomerId_3745,1,31,58501.0,0
CustomerId_3746,2,19,44555.0,0
CustomerId_3749,7,2,190000.0,0
CustomerId_3752,82,2,14500.0,1
CustomerId_3756,41,2,7500.0,1
CustomerId_3758,1,47,99262.0,0
CustomerId_3759,8,4,2025.0,0
CustomerId_3760,1,180,367596.2,0
CustomerId_3762,31,1,30000.0,0
CustomerId_3763,57,28,30375.0,1
CustomerId_3764,40,1,500.0,1
CustomerId_3765,15,23,112420.5,0
CustomerId_3766,33,129,197198.0,0
CustomerId_3767,5,108,152274.2,0
CustomerId_3768,9,18,3305000.0,0
CustomerId_3771,12,21,122000.0,0
CustomerId_3774,19,18,106000.0,0
CustomerId_3777,12,5,32000.0,0
CustomerId_3778,2,22,48849.0,0
CustomerId_3779,18,9,13120.0,0
CustomerId_378,6,7,62000.0,0
CustomerId_3780,4,1,2000.0,0
CustomerId_3781,12,46,323260.0,0
CustomerId_3782,12,9,62000.0,0
CustomerId_3785,5,5,32000.0,0
CustomerId_3786,10,5,13000.0,0
CustomerId_3787,1,24,134447.0,0
CustomerId_3788,2,88,136740.5,0
CustomerId_379,1,19,49325.0,0
CustomerId_3790,8,5,3100.0,0
CustomerId_3793,50,3,105000.0,1
CustomerId_3794,1,60,175124.0,0
CustomerId_3795,1,100,910374.0,0
CustomerId_3796,45,1,500.0,1
CustomerId_3797,4,17,22250.0,0
CustomerId_3799,2,13,123900.0,0
CustomerId_3802,5,66,371800.0,0
CustomerId_3803,1,47,129756.0,0
CustomerId_3805,58,5,4020.0,1
CustomerId_3806,1,8,22800.0,0
CustomerId_3807,34,7,50000.0,0
CustomerId_3808,23,43,135639.0,0
CustomerId_3809,6,49,100942.4,0
CustomerId_381,15,10,203613.0,0
CustomerId_3810,27,9,9150.0,0
CustomerId_3811,19,13,40640.0,0
CustomerId_3812,12,5,32000.0,0
CustomerId_3814,39,1,1000.0,1
CustomerId_3815,3,53,55031.39,0
CustomerId_3816,88,2,2000.0,1
CustomerId_3817,3,14,17270.0,0
CustomerId_3818,1,64,66340.0,0
CustomerId_3819,6,33,241000.0,0
CustomerId_382,63,1,1000.0,1
CustomerId_3820,8,68,146155.0,0
CustomerId_3824,39,13,45600.0,1
CustomerId_3825,13,45,67492.0,0
CustomerId_3826,9,2,190000.0,0
CustomerId_3827,1,51,38470.0,0
CustomerId_3828,6,1,10000.0,0
CustomerId_3829,65,6,19100.0,1
CustomerId_383,42,1,2000.0,1
CustomerId_3830,46,5,4060.0,1
CustomerId_3831,42,73,226065.0,1
CustomerId_3834,33,37,39860.0,0
CustomerId_3835,19,18,14245.0,0
CustomerId_3836,59,4,3050.0,1
CustomerId_3838,47,8,22170.0,1
CustomerId_3839,12,5,31000.0,0
CustomerId_384,82,1,10000.0,1
CustomerId_3840,32,5,2050.0,0
CustomerId_3841,24,5,4020.0,0
CustomerId_3842,1,27,672639.2,0
CustomerId_3843,6,5,32000.0,0
CustomerId_3844,5,5,32000.0,0
CustomerId_3845,6,49,65729.0,0
CustomerId_3846,9,1,5000.0,0
CustomerId_3847,47,6,41000.0,1
CustomerId_3848,23,2,101000.0,0
CustomerId_3850,33,6,42000.0,0
CustomerId_3855,5,5,32000.0,0
CustomerId_3856,11,19,72259.0,0
CustomerId_3858,53,1,2000.0,1
CustomerId_3859,53,13,11690.0,1
CustomerId_3860,69,2,2000.0,1
CustomerId_3862,1,7,3085.0,0
CustomerId_3863,71,1,1000.0,1
CustomerId_3864,1,11,92000.0,0
CustomerId_3866,12,8,62000.0,0
CustomerId_3867,1,273,917865.0,0
CustomerId_3868,18,22,12145.0,0
CustomerId_3869,12,1,10000.0,0
CustomerId_3870,6,32,300800.0,0
CustomerId_3871,42,3,25000.0,1
CustomerId_3872,33,11,122000.0,0
CustomerId_3873,35,11,404944.0,0
CustomerId_3874,1,43,61916.4,0
CustomerId_3875,9,14,103677.0,0
CustomerId_3876,29,381,491109.0,0
CustomerId_3877,6,2,15000.0,0
CustomerId_3878,30,36,152874.0,0
CustomerId_3879,35,2,30000.0,0
CustomerId_388,6,25,325629.0,0
CustomerId_3880,45,25,43110.0,1
CustomerId_3882,1,268,443772.0,0
CustomerId_3883,46,7,186800.0,1
CustomerId_3885,9,3,2050.0,0
CustomerId_3888,21,1,500.0,0
CustomerId_389,61,20,135000.0,1
CustomerId_3890,26,58,87523.0,0
CustomerId_3891,47,6,31000.0,1
CustomerId_3892,6,5,32000.0,0
CustomerId_3893,59,3,1510.0,1
CustomerId_3894,1,21,132780.0,0
CustomerId_3897,1,29,216000.0,0
CustomerId_3898,85,1,1000.0,1
CustomerId_390,7,18,46676.0,0
CustomerId_3900,4,40,61040.0,0
CustomerId_3904,64,1,2000.0,1
CustomerId_3905,79,5,37000.0,1
CustomerId_3906,20,9,54440.0,0
CustomerId_3907,44,1,1000.0,1
CustomerId_3909,3,11,58144.0,0
CustomerId_391,70,21,147569.0,1
CustomerId_3910,6,64,424740.0,0
CustomerId_3911,47,2,5500.0,1
CustomerId_3912,1,425,2709162.26,0
CustomerId_3913,1,27,99975.0,0
CustomerId_3914,2,72,148705.0,0
CustomerId_3916,48,1,50000.0,1
CustomerId_3917,26,145,967310.0,0
CustomerId_3919,4,31,126261.0,0
CustomerId_392,6,7,62000.0,0
CustomerId_3923,65,4,1545.0,1
CustomerId_3925,31,9,23546.0,0
CustomerId_3930,37,1,1000.0,1
CustomerId_3931,21,8,13625.0,0
CustomerId_3933,19,3,1500.0,0
CustomerId_3934,42,1,1000.0,1
CustomerId_3935,2,32,504748.4,0
CustomerId_3940,49,1,5000.0,1
CustomerId_3941,37,3,210000.0,1
CustomerId_3942,89,8,61400.0,1
CustomerId_3943,73,1,1000.0,1
CustomerId_3944,8,483,887563.0,0
CustomerId_3946,19,1,2000.0,0
CustomerId_3947,47,6,41000.0,1
CustomerId_3948,76,3,1525.0,1
CustomerId_3949,89,2,1000.0,1
CustomerId_395,10,3,3040.0,0
CustomerId_3951,1,81,1090163.0,0
CustomerId_3952,1,46,192630.0,0
CustomerId_3953,56,1,2000.0,1
CustomerId_3954,89,5,30400.0,1
CustomerId_3955,34,1,1000.0,0
CustomerId_3956,36,1,2000000.0,0
CustomerId_3957,1,56,363356.0,0
CustomerId_396,2,16,132000.0,0
CustomerId_3960,58,6,36000.0,1
CustomerId_3961,1,1,20000.0,0
CustomerId_3964,13,21,61148.5,0
CustomerId_3967,43,20,49435.25,1
CustomerId_3968,41,8,15810.0,1
CustomerId_3969,26,5,32000.0,0
CustomerId_397,41,13,6100.0,1
CustomerId_3970,3,57,116350.0,0
CustomerId_3971,12,11,77200.0,0
CustomerId_3973,26,5,32000.0,0
CustomerId_3975,41,5,10450.0,1
CustomerId_3977,12,6,32000.0,0
CustomerId_3982,5,33,241000.0,0
CustomerId_3984,8,32,251612.0,0
CustomerId_3985,5,5,32000.0,0
CustomerId_3987,6,5,32000.0,0
CustomerId_3988,26,18,34075.0,0
CustomerId_3989,1,115,117449.5,0
CustomerId_399,20,6,32000.0,0
CustomerId_3990,44,7,9747.0,1
CustomerId_3993,12,14,92000.0,0
CustomerId_3994,77,3,3000.0,1
CustomerId_3995,66,1,10000.0,1
CustomerId_3998,86,4,2100.0,1
CustomerId_4,84,1,10000.0,1
CustomerId_400,87,2,2000.0,1
CustomerId_4000,3,39,206550.0,0
CustomerId_4001,45,9,17070.0,1
CustomerId_4002,11,8,15690.0,0
CustomerId_4003,5,6,32000.0,0
CustomerId_4005,84,2,1000.0,1
CustomerId_4006,86,1,50000.0,1
CustomerId_4007,5,37,343367.0,0
CustomerId_4008,48,25,112000.0,1
CustomerId_4009,70,1,2000.0,1
CustomerId_401,9,28,25821.6,0
CustomerId_4011,3,57,357952.0,0
CustomerId_4012,87,1,1000.0,1
CustomerId_4013,69,4,26000.0,1
CustomerId_4014,14,148,292114.0,0
CustomerId_4015,47,5,31000.0,1
CustomerId_4016,5,5,31000.0,0
CustomerId_4017,53,12,43440.0,1
CustomerId_4019,16,22,31288.0,0
CustomerId_402,54,13,726000.0,1
CustomerId_4020,10,3,29392.0,0
CustomerId_4022,24,3,1510.0,0
CustomerId_4023,69,1,1000.0,1
CustomerId_4025,70,4,5500.0,1
CustomerId_4026,20,1,200000.0,0
CustomerId_4027,63,5,4050.0,1
CustomerId_4029,5,25,76100.0,0
CustomerId_403,1,65,105950.0,0
CustomerId_4030,73,2,6000.0,1
CustomerId_4031,16,10,33500.0,0
CustomerId_4033,12,778,1908082.5,0
CustomerId_4034,79,9,7060.0,1
CustomerId_4035,6,9,62000.0,0
CustomerId_4036,5,18,132000.0,0
CustomerId_4038,5,25,68578.0,0
CustomerId_4039,5,37,291000.0,0
CustomerId_404,5,5,32000.0,0
CustomerId_4040,54,7,51000.0,1
CustomerId_4041,90,8,8060.0,1
CustomerId_4042,61,3,86000.0,1
CustomerId_4043,1,95,179778.0,0
CustomerId_4044,5,17,122000.0,0
CustomerId_4045,61,1,1000.0,1
CustomerId_4046,19,5,4020.0,0
CustomerId_4048,5,9,62000.0,0
CustomerId_4049,64,15,17725.0,1
CustomerId_405,25,1,1000.0,0
CustomerId_4050,55,1,5000.0,1
CustomerId_4051,1,21,38490.0,0
CustomerId_4053,54,6,41000.0,1
CustomerId_4055,2,47,260650.0,0
CustomerId_4056,12,9,62000.0,0
CustomerId_4058,23,4,3020.0,0
CustomerId_4059,23,10,13005.0,0
CustomerId_4061,12,14,102000.0,0
CustomerId_4064,61,3,8000.0,1
CustomerId_4065,34,10,72000.0,0
CustomerId_4066,37,2,2000.0,1
CustomerId_4067,12,10,72000.0,0
CustomerId_4068,87,1,1000.0,1
CustomerId_4069,43,22,70542.0,1
CustomerId_407,12,1,10000.0,0
CustomerId_4070,45,6,9110.0,1
CustomerId_4071,9,3,2050.0,0
CustomerId_4072,31,1,500.0,0
CustomerId_4073,2,20,18520.0,0
CustomerId_4074,84,1,500.0,1
CustomerId_4075,44,3,576000.0,1
CustomerId_4077,5,6,32000.0,0
CustomerId_4079,76,1,1000.0,1
CustomerId_408,30,3,14000.0,0
CustomerId_4085,37,17,91037.0,0
CustomerId_4086,33,16,122000.0,0
CustomerId_4087,62,3,86000.0,1
CustomerId_4089,4,99,142371.0,0
CustomerId_4090,12,17,122000.0,0
CustomerId_4092,12,5,32000.0,0
CustomerId_4095,37,14,64940.0,1
CustomerId_4097,41,67,100471.0,1
CustomerId_4098,77,2,525.0,1
CustomerId_4101,16,1,5000.0,0
CustomerId_4102,83,5,23720.0,1
CustomerId_4103,90,2,2000.0,1
CustomerId_4104,15,1,10000.0,0
CustomerId_4106,33,5,32000.0,0
CustomerId_4107,40,2,2400.0,1
CustomerId_4108,86,2,4000.0,1
CustomerId_4109,2,41,63084.5,0
CustomerId_411,52,6,81500.0,1
CustomerId_4112,65,5,2021000.0,1
CustomerId_4113,16,39,190590.0,0
CustomerId_4115,40,52,60340.0,1
CustomerId_4117,35,1,5000.0,0
CustomerId_4118,47,5,31000.0,1
CustomerId_4119,45,10,9600.0,1
CustomerId_412,32,9,14930.0,0
CustomerId_4120,1,22,122400.0,0
CustomerId_4123,82,7,12245.0,1
CustomerId_4124,32,36,164890.0,0
CustomerId_4125,25,60,417545.0,0
CustomerId_4127,68,6,31200.0,1
CustomerId_4128,49,1,800000.0,1
CustomerId_4130,16,5,4100.0,0
CustomerId_4131,9,18,141581.5,0
CustomerId_4132,1,80,184658.0,0
CustomerId_4133,88,2,20000.0,1
CustomerId_4134,89,1,700000.0,1
CustomerId_4135,54,59,75334.0,1
CustomerId_4136,1,9,10910.0,0
CustomerId_4137,33,8,44000.0,0
CustomerId_4138,55,1,2000.0,1
CustomerId_4139,18,3,6020.0,0
CustomerId_414,62,19,32283.0,1
CustomerId_4141,14,6,38496.0,0
CustomerId_4142,23,2,600.0,0
CustomerId_4143,72,2,1500.0,1
CustomerId_4144,7,2,75000.0,0
CustomerId_4145,1,22,172000.0,0
CustomerId_4146,2,67,671810.0,0
CustomerId_4148,40,2,11000.0,1
CustomerId_4149,62,11,42030.0,1
CustomerId_415,7,42,517878.0,0
CustomerId_4150,6,6,38000.0,0
CustomerId_4151,30,22,62000.0,0
CustomerId_4152,6,234,409853.7,0
CustomerId_4153,8,11,71700.0,0
CustomerId_4154,19,4,2010.0,0
CustomerId_4155,47,13,11785.0,1
CustomerId_4156,3,43,186370.0,0
CustomerId_4157,20,19,85922.0,0
CustomerId_4158,46,4,2010.0,1
CustomerId_4159,12,10,62000.0,0
CustomerId_416,5,1,1000.0,0
CustomerId_4160,27,8,112800.0,0
CustomerId_4161,8,11,6060.0,0
CustomerId_4163,53,6,63000.0,1
CustomerId_4164,25,8,60492.0,0
CustomerId_4165,35,11,21850.0,0
CustomerId_4167,57,16,547700.0,1
CustomerId_4168,26,15,58750.0,0
CustomerId_4169,10,5,8010.0,0
CustomerId_4170,63,3,2000.0,1
CustomerId_4171,89,3,25000.0,1
CustomerId_4173,3,35,55521.0,0
CustomerId_4174,26,35,56870.0,0
CustomerId_4175,1,1,500.0,0
CustomerId_4176,47,5,32200.0,1
CustomerId_4177,31,1,500.0,0
CustomerId_4179,11,9,26250.0,0
CustomerId_4180,73,1,1000.0,1
CustomerId_4181,5,48,103590.0,0
CustomerId_4182,10,16,22242.0,0
CustomerId_4183,34,60,253905.75,0
CustomerId_4184,57,45,45830.0,1
CustomerId_4185,30,7,6070.0,0
CustomerId_4186,12,5,22000.0,0
CustomerId_4187,14,47,65825.0,0
CustomerId_4188,3,67,697930.0,0
CustomerId_4189,6,24,133961.0,0
CustomerId_4190,56,4,26250.0,1
CustomerId_4191,12,18,68505.0,0
CustomerId_4192,1,9,20050.0,0
CustomerId_4193,1,98,1968243.0,0
CustomerId_4194,64,1,500.0,1
CustomerId_4196,84,4,18100.0,1
CustomerId_4197,15,7,51500.0,0
CustomerId_4198,1,46,95694.0,0
CustomerId_4199,53,55,71460.0,1
CustomerId_420,2,22,21423.0,0
CustomerId_4200,54,2,1000.0,1
CustomerId_4201,9,16,24425.0,0
CustomerId_4202,6,21,170955.3,0
CustomerId_4203,2,16,122000.0,0
CustomerId_4204,4,95,393705.5,0
CustomerId_4205,19,13,65500.0,0
CustomerId_4206,1,18,112000.0,0
CustomerId_4207,56,1,10000.0,1
CustomerId_4209,48,3,1510.0,1
CustomerId_4211,39,16,53200.0,1
CustomerId_4212,44,4,5040.0,1
CustomerId_4213,5,66,414578.2,0
CustomerId_4214,46,6,46000.0,1
CustomerId_4215,56,13,33560.0,1
CustomerId_4216,1,55,71270.0,0
CustomerId_4218,3,19,16280.0,0
CustomerId_4219,7,6,32000.0,0
CustomerId_422,38,2,180000.0,1
CustomerId_4220,76,1,500.0,1
CustomerId_4221,26,1,80000.0,0
CustomerId_4224,2,13,11615.0,0
CustomerId_4225,57,1,500.0,1
CustomerId_4226,58,10,811000.0,1
CustomerId_4227,50,4,3050.0,1
CustomerId_4228,2,4,7500.0,0
CustomerId_4229,2,50,41970.0,0
CustomerId_423,51,2,5500.0,1
CustomerId_4230,75,4,17000.0,1
CustomerId_4233,36,3,41000.0,0
CustomerId_4234,3,12,49100.0,0
CustomerId_4235,65,21,43120.0,1
CustomerId_4237,31,40,73969.0,0
CustomerId_4238,3,141,1011743.0,0
CustomerId_4239,10,9,215000.0,0
CustomerId_424,66,1,10000.0,1
CustomerId_4240,1,10,2611500.0,0
CustomerId_4241,39,5,21100.0,1
CustomerId_4242,52,2,10000.0,1
CustomerId_4243,29,2,6000.0,0
CustomerId_4244,23,10,11120.0,0
CustomerId_4245,6,19,112300.0,0
CustomerId_4246,54,8,8100.0,1
CustomerId_4247,12,20,18750.0,0
CustomerId_4250,86,4,49036.0,1
CustomerId_4252,1,185,955862.25,0
CustomerId_4253,1,72,531360.0,0
CustomerId_4254,5,23,210410.0,0
CustomerId_4255,35,15,9850.0,0
CustomerId_4256,5,21,15175.0,0
CustomerId_4257,84,2,5100.0,1
CustomerId_4258,47,5,31000.0,1
CustomerId_4260,8,1,1000.0,0
CustomerId_4261,5,5,32000.0,0
CustomerId_4262,20,8,5885.0,0
CustomerId_4265,17,1,500.0,0
CustomerId_4266,17,3,480000.0,0
CustomerId_4267,87,3,3000.0,1
CustomerId_427,40,1,1000.0,1
CustomerId_4270,41,1,9000.0,1
CustomerId_4272,64,1,1000.0,1
CustomerId_4273,1,61,874493.0,0
CustomerId_4274,3,28,98580.0,0
CustomerId_4275,86,7,2595000.0,1
CustomerId_4276,88,2,1500.0,1
CustomerId_4277,12,7,32000.0,0
CustomerId_4279,23,18,25750.0,0
CustomerId_428,7,18,314800.0,0
CustomerId_4280,1,7,6200.0,0
CustomerId_4281,18,8,61000.0,0
CustomerId_4282,5,2,1500.0,0
CustomerId_4283,20,7,48000.0,0
CustomerId_4287,86,1,10000.0,1
CustomerId_4288,85,2,2100.0,1
CustomerId_4289,1,20,152000.0,0
CustomerId_429,30,1,1000.0,0
CustomerId_4290,29,1,1000.0,0
CustomerId_4291,33,6,32000.0,0
CustomerId_4294,20,53,137008.0,0
CustomerId_4297,24,1,1000.0,0
CustomerId_4298,15,6,3570.0,0
CustomerId_4299,47,5,31000.0,1
CustomerId_4300,34,7,32000.0,0
CustomerId_4301,40,3,2500.0,1
CustomerId_4302,60,3,86000.0,1
CustomerId_4304,75,8,41000.0,1
CustomerId_4305,3,36,47407.0,0
CustomerId_4308,18,1,500.0,0
CustomerId_4309,30,34,76550.0,0
CustomerId_431,78,9,5200.0,1
CustomerId_4310,50,5,6300.0,1
CustomerId_4311,1,52,331590.0,0
CustomerId_4312,1,127,191165.0,0
CustomerId_4313,75,1,10000.0,1
CustomerId_4314,20,94,196691.5,0
CustomerId_4315,1,129,1372257.0,0
CustomerId_4317,56,2,260000.0,1
CustomerId_4318,13,30,232950.0,0
CustomerId_4319,1,225,475283.0,0
CustomerId_432,22,3,2020.0,0
CustomerId_4321,34,1,10000.0,0
CustomerId_4322,5,17,74536.0,0
CustomerId_4323,6,22,13870.0,0
CustomerId_4324,10,54,85975.0,0
CustomerId_4325,75,6,56000.0,1
CustomerId_4326,8,12,48820.0,0
CustomerId_4327,30,5,2500.0,0
CustomerId_4328,36,14,98866.0,0
CustomerId_4329,2,1,2000.0,0
CustomerId_433,45,1,1000.0,1
CustomerId_4330,7,27,13150.0,0
CustomerId_4332,37,1,20000.0,1
CustomerId_4333,3,120,280182.0,0
CustomerId_4334,36,11,10500.0,0
CustomerId_4335,29,3,1510.0,0
CustomerId_4336,54,338,471120.5,1
CustomerId_4337,19,27,371700.0,0
CustomerId_4338,5,12,12140.0,0
CustomerId_4340,4,3,14000.0,0
CustomerId_4341,69,3,3040.0,1
CustomerId_4342,61,3,16000.0,1
CustomerId_4343,52,9,426429.0,1
CustomerId_4344,82,3,470000.0,1
CustomerId_4346,13,75,94672.35,0
CustomerId_4347,2,70,275025.0,0
CustomerId_4348,1,7,22318.0,0
CustomerId_4349,48,60,74935.0,1
CustomerId_435,37,3,4500.0,1
CustomerId_4351,86,10,6060.0,1
CustomerId_4353,14,26,34721.0,0
CustomerId_4355,5,4,2300.0,0
CustomerId_4356,24,4,4040.0,0
CustomerId_4357,2,46,46748.0,0
CustomerId_4358,61,6,2520.0,1
CustomerId_436,1,19,142000.0,0
CustomerId_4360,5,5,32000.0,0
CustomerId_4361,84,1,50000.0,1
CustomerId_4362,37,1,2000.0,1
CustomerId_4363,19,22,87210.0,0
CustomerId_4364,40,53,83250.0,1
CustomerId_4365,12,6,32000.0,0
CustomerId_4367,1,3,1500.0,0
CustomerId_4368,49,7,31000.0,1
CustomerId_4369,5,1,2000.0,0
CustomerId_437,43,5,24785.0,1
CustomerId_4370,17,18,22654.0,0
CustomerId_4371,1,294,3067560.0,0
CustomerId_4373,3,2,73000.0,0
CustomerId_4374,12,9,62000.0,0
CustomerId_4376,53,5,24000.0,1
CustomerId_4377,27,1,10000.0,0
CustomerId_4378,58,3,7500.0,1
CustomerId_4379,1,6,4600.0,0
CustomerId_4380,13,24,126854.0,0
CustomerId_4381,12,5,31000.0,0
CustomerId_4382,74,1,500.0,1
CustomerId_4383,2,37,85250.0,0
CustomerId_4384,1,119,139034.0,0
CustomerId_4386,86,3,1500.0,1
CustomerId_4387,33,6,42000.0,0
CustomerId_4388,5,7,62000.0,0
CustomerId_4389,5,6,42000.0,0
CustomerId_4390,10,19,36503.0,0
CustomerId_4391,84,19,5890040.0,1
CustomerId_4392,6,39,253820.0,0
CustomerId_4393,5,21,11560.0,0
CustomerId_4394,39,1,20000.0,1
CustomerId_4395,7,31,74335.0,0
CustomerId_4396,7,32,117460.0,0
CustomerId_4398,6,4,4050.0,0
CustomerId_4399,4,9,32190.0,0
CustomerId_440,68,1,500.0,1
CustomerId_4401,7,30,70000.0,0
CustomerId_4402,42,1,500.0,1
CustomerId_4403,1,8,5010.0,0
CustomerId_4406,1,119,203846.25,0
CustomerId_4408,31,28,51968.0,0
CustomerId_4409,46,1,2000.0,1
CustomerId_4412,37,2,2000.0,1
CustomerId_4413,45,11,29820.0,1
CustomerId_4414,10,43,293609.0,0
CustomerId_4415,89,1,2000.0,1
CustomerId_4416,3,40,60404.0,0
CustomerId_4417,71,91,83835.0,1
CustomerId_4418,61,2,4000.0,1
CustomerId_442,4,33,75650.0,0
CustomerId_4420,1,19,122825.0,0
CustomerId_4421,6,90,170390.0,0
CustomerId_4422,40,1,10000.0,1
CustomerId_4423,29,1,1000.0,0
CustomerId_4424,2,22,101480.0,0
CustomerId_4425,47,5,31200.0,1
CustomerId_4426,1,34,44998.0,0
CustomerId_4427,55,12,14930.0,1
CustomerId_4428,12,15,23738.0,0
CustomerId_4429,9,26,25175.0,0
CustomerId_443,86,5,77644.0,1
CustomerId_4430,2,17,28310.0,0
CustomerId_4431,1,118,224713.0,0
CustomerId_4433,5,5,32000.0,0
CustomerId_4434,56,10,7150.0,1
CustomerId_4435,15,8,6040.0,0
CustomerId_4436,46,1,2000.0,1
CustomerId_4437,2,56,411800.0,0
CustomerId_4438,3,146,1293685.0,0
CustomerId_444,5,49,82425.0,0
CustomerId_4440,82,4,4040.0,1
CustomerId_4442,1,29,27350.0,0
CustomerId_4443,2,57,373400.0,0
CustomerId_4444,81,1,500.0,1
CustomerId_4445,35,7,13000.0,0
CustomerId_4446,89,2,1000.0,1
CustomerId_4447,9,1,2000.0,0
CustomerId_4449,89,13,50734.0,1
CustomerId_4450,1,5,4050.0,0
CustomerId_4451,47,6,5700.0,1
CustomerId_4453,71,54,29296540.0,1
CustomerId_4454,4,36,4157040.0,0
CustomerId_4455,30,10,4590.0,0
CustomerId_4456,8,33,239898.0,0
CustomerId_4457,37,1,500.0,1
CustomerId_4458,6,5,32000.0,0
CustomerId_4459,61,1,1000.0,1
CustomerId_446,12,26,182000.0,0
CustomerId_4461,36,2,6500.0,0
CustomerId_4462,34,2,80000.0,0
CustomerId_4465,53,1,1000.0,1
CustomerId_4466,45,11,122804.0,1
CustomerId_4468,84,1,1000.0,1
CustomerId_4469,1,19,102000.0,0
CustomerId_447,55,4,21000.0,1
CustomerId_4471,20,28,39400.0,0
CustomerId_4472,1,59,65500.0,0
CustomerId_4473,3,80,333800.6,0
CustomerId_4476,37,11,1452000.0,0
CustomerId_4477,29,1,700.0,0
CustomerId_448,61,156,271838.0,1
CustomerId_4481,82,1,10000.0,1
CustomerId_4482,38,4,3050.0,1
CustomerId_4483,59,3,6250.0,1
CustomerId_4484,1,13,102000.0,0
CustomerId_4485,25,10,1347920.0,0
CustomerId_4486,19,103,970000.0,0
CustomerId_4487,20,9,62000.0,0
CustomerId_4488,5,6,32000.0,0
CustomerId_4489,78,1,1000.0,1
CustomerId_449,2,16,122000.0,0
CustomerId_4490,11,14,21200.0,0
CustomerId_4492,5,10,62000.0,0
CustomerId_4493,43,1,1000.0,1
CustomerId_4494,51,1,10000.0,1
CustomerId_4495,5,2,1050.0,0
CustomerId_4497,75,1,10000.0,1
CustomerId_4498,19,1,1000.0,0
CustomerId_4499,6,6,60000.0,0
CustomerId_450,91,3,2550.0,1
CustomerId_4500,26,4,31000.0,0
CustomerId_4501,4,17,19450.0,0
CustomerId_4502,75,133,160388.5,1
CustomerId_4504,56,11,13560.0,1
CustomerId_4505,2,47,68951.0,0
CustomerId_4507,67,1,1000.0,1
CustomerId_4510,1,32,287150.0,0
CustomerId_4512,21,11,11080.0,0
CustomerId_4513,24,1,1000.0,0
CustomerId_4517,41,7,4500.0,1
CustomerId_4518,33,166,276959.5,0
CustomerId_4519,60,2,3000.0,1
CustomerId_452,83,1,1000.0,1
CustomerId_4520,16,3,4100.0,0
CustomerId_4524,33,5,32000.0,0
CustomerId_4525,2,89,397380.0,0
CustomerId_4526,18,95,79350.05,0
CustomerId_4527,12,10,72000.0,0
CustomerId_4528,26,5,5020.0,0
CustomerId_453,6,26,246000.0,0
CustomerId_4531,42,1,1000.0,1
CustomerId_4532,85,1,500.0,1
CustomerId_4533,12,5,32000.0,0
CustomerId_4534,54,1,2000.0,1
CustomerId_4537,77,2,2000.0,1
CustomerId_4538,55,5,34550.0,1
CustomerId_4539,12,10,62000.0,0
CustomerId_4540,9,50,124302.0,0
CustomerId_4541,12,10,82000.0,0
CustomerId_4542,2,18,58774.0,0
CustomerId_4543,20,23,142000.0,0
CustomerId_4544,59,8,40020.0,1
CustomerId_4545,19,4,2000.0,0
CustomerId_4546,78,4,14496.0,1
CustomerId_4547,6,7,42000.0,0
CustomerId_4548,1,27,18175.0,0
CustomerId_4549,18,39,34251.0,0
CustomerId_455,11,1,5000.0,0
CustomerId_4550,34,35,278793.0,0
CustomerId_4552,89,6,14500.0,1
CustomerId_4553,54,1,500.0,1
CustomerId_4554,78,72,100945.0,1
CustomerId_4555,3,67,466400.0,0
CustomerId_4557,5,5,32000.0,0
CustomerId_456,5,39,193938.0,0
CustomerId_4560,13,5,32000.0,0
CustomerId_4561,1,61,255874.0,0
CustomerId_4562,1,163,74320.0,0
CustomerId_4565,6,167,477685.5,0
CustomerId_4567,61,37,323200.0,1
CustomerId_4568,2,59,40638.0,0
CustomerId_4569,5,76,317074.75,0
CustomerId_457,20,32,147251.5,0
CustomerId_4572,53,1,1000.0,1
CustomerId_4573,66,6,86015.0,1
CustomerId_4576,39,3,2000.0,1
CustomerId_4577,10,118,287883.5,0
CustomerId_4578,1,68,264108.0,0
CustomerId_4579,25,12,16240.0,0
CustomerId_4581,57,9,7085.0,1
CustomerId_4583,13,24,20990.0,0
CustomerId_4584,78,19,43210.0,1
CustomerId_4585,1,363,800086.0,0
CustomerId_4587,2,38,23400.0,0
CustomerId_4588,26,4,4020.0,0
CustomerId_4589,12,10,72000.0,0
CustomerId_4590,11,11,69450.0,0
CustomerId_4591,54,14,92935.0,1
CustomerId_4592,90,3,204000.0,1
CustomerId_4593,67,1,5000.0,1
CustomerId_4595,62,1,500.0,1
CustomerId_4596,20,1,15000.0,0
CustomerId_4598,60,6,6240.0,1
CustomerId_46,35,3,70000.0,0
CustomerId_4600,5,22,127000.0,0
CustomerId_4601,16,2,40000.0,0
CustomerId_4602,2,75,397441.0,0
CustomerId_4603,39,1,5000.0,1
CustomerId_4604,14,14,11600.0,0
CustomerId_4605,32,16,93465.0,0
CustomerId_4608,90,2,525.0,1
CustomerId_4609,42,11,10090.0,1
CustomerId_4610,61,13,996000.0,1
CustomerId_4611,69,3,3800.0,1
CustomerId_4612,52,1,10000.0,1
CustomerId_4613,43,41,182070.0,1
CustomerId_4615,15,22,24615.0,0
CustomerId_4616,12,14,32400.0,0
CustomerId_4617,33,7,62000.0,0
CustomerId_4619,5,6,42000.0,0
CustomerId_462,15,20,74200.0,0
CustomerId_4620,15,4,21500.0,0
CustomerId_4622,67,4,6765.0,1
CustomerId_4623,45,3,3040.0,1
CustomerId_4624,3,64,69997.0,0
CustomerId_4625,5,1,500.0,0
CustomerId_4626,5,30,84290.0,0
CustomerId_4627,6,35,282860.0,0
CustomerId_4629,2,12,17405.0,0
CustomerId_4630,83,1,500.0,1
CustomerId_4632,42,1,1000.0,1
CustomerId_4633,5,13,27640.0,0
CustomerId_4634,12,23,37450.0,0
CustomerId_4636,5,123,303538.71,0
CustomerId_4637,5,22,152000.0,0
CustomerId_4639,70,9,226132.0,1
CustomerId_4640,90,5,30400.0,1
CustomerId_4641,21,5,12220.0,0
CustomerId_4642,29,2,510.0,0
CustomerId_4645,13,7,55540.0,0
CustomerId_4647,22,3,2575.0,0
CustomerId_4648,89,1,1000.0,1
CustomerId_4649,49,2,1000.0,1
CustomerId_4650,45,1,2000.0,1
CustomerId_4651,1,16,48073.0,0
CustomerId_4652,61,1,1000.0,1
CustomerId_4653,27,6,8010.0,0
CustomerId_4654,1,6,16140.0,0
CustomerId_4655,9,22,122000.0,0
CustomerId_4657,25,24,96864.5,0
CustomerId_4658,86,3,2996.0,1
CustomerId_4659,6,13,16080.0,0
CustomerId_466,34,1,10000.0,0
CustomerId_4660,4,9,6715.0,0
CustomerId_4663,22,28,133912.0,0
CustomerId_4664,4,11,22110.0,0
CustomerId_4665,75,7,51500.0,1
CustomerId_4666,7,43,29530.0,0
CustomerId_4667,24,10,21390.0,0
CustomerId_4669,27,4,5000.0,0
CustomerId_467,87,1,5000.0,1
CustomerId_4670,64,6,152000.0,1
CustomerId_4671,10,7,85222.0,0
CustomerId_4672,2,22,817000.0,0
CustomerId_4673,67,4,2000.0,1
CustomerId_4674,54,3,1510.0,1
CustomerId_4677,41,1,1000.0,1
CustomerId_4678,86,2,1500.0,1
CustomerId_468,12,7,133273.0,0
CustomerId_4680,51,18,88854.0,1
CustomerId_4682,29,6,9200.0,0
CustomerId_4683,82,2,1000.0,1
CustomerId_4684,71,3,2020.0,1
CustomerId_4685,2,3,3040.0,0
CustomerId_4686,54,17,112400.0,1
CustomerId_4687,29,2,2000.0,0
CustomerId_4688,85,5,11500.0,1
CustomerId_4689,2,32,22020.0,0
CustomerId_4691,77,3,3000.0,1
CustomerId_4693,12,3,16000.0,0
CustomerId_4694,34,10,6510.0,0
CustomerId_4697,1,39,177325.0,0
CustomerId_4698,79,5,8900.0,1
CustomerId_470,12,19,153500.0,0
CustomerId_4701,15,12,28050.0,0
CustomerId_4702,12,9,62000.0,0
CustomerId_4703,86,31,235580.0,1
CustomerId_4704,2,32,55549.54,0
CustomerId_4706,66,1,130000.0,1
CustomerId_4708,1,51,231962.0,0
CustomerId_4709,47,6,41000.0,1
CustomerId_471,1,88,109547.0,0
CustomerId_4710,1,30,231200.0,0
CustomerId_4711,1,293,2288978.0,0
CustomerId_4712,1,17,101600.0,0
CustomerId_4713,3,21,50700.0,0
CustomerId_4714,57,1,1000.0,1
CustomerId_4715,47,5,31000.0,1
CustomerId_4716,5,1,10000.0,0
CustomerId_4717,8,1,10000.0,0
CustomerId_4719,12,21,152000.0,0
CustomerId_4721,43,3,3100.0,1
CustomerId_4722,37,62,81890.0,0
CustomerId_4725,5,23,152000.0,0
CustomerId_4727,33,4,26000.0,0
CustomerId_4728,2,49,185306.5,0
CustomerId_473,57,3,3000.0,1
CustomerId_4730,3,5,7630.0,0
CustomerId_4732,66,57,100070.0,1
CustomerId_4734,49,4,4050.0,1
CustomerId_4737,16,8,34500.0,0
CustomerId_4738,5,21,25300.0,0
CustomerId_474,44,12,24500.0,1
CustomerId_4740,49,7,5540.0,1
CustomerId_4741,6,30,222000.0,0
CustomerId_4742,45,7,13300.0,1
CustomerId_4744,65,2,1500.0,1
CustomerId_4746,75,8,46000.0,1
CustomerId_4748,2,123,78705.0,0
CustomerId_4749,36,7,7500.0,0
CustomerId_4750,56,1,10000.0,1
CustomerId_4753,6,44,32965.0,0
CustomerId_4754,51,3,1630.0,1
CustomerId_4755,50,1,5000.0,1
CustomerId_4756,77,2,10000.0,1
CustomerId_4757,3,16,14230.0,0
CustomerId_4759,2,47,20305.0,0
CustomerId_476,12,5,32000.0,0
CustomerId_4763,63,1,5000.0,1
CustomerId_4766,20,10,22325.0,0
CustomerId_4768,44,33,28010.0,1
CustomerId_4769,68,1,130000.0,1
CustomerId_4770,68,6,41000.0,1
CustomerId_4772,83,1,500.0,1
CustomerId_4773,54,4,16000.0,1
CustomerId_4774,6,78,734200.0,0
CustomerId_4775,2,88,272610.0,0
CustomerId_4776,85,4,1560.0,1
CustomerId_4777,38,10,10000.0,1
CustomerId_4779,26,5,32000.0,0
CustomerId_478,47,5,31200.0,1
CustomerId_4781,56,18,21016.0,1
CustomerId_4782,1,73,93190.0,0
CustomerId_4784,6,1,1000.0,0
CustomerId_4785,1,122,138895.0,0
CustomerId_4786,29,1,500.0,0
CustomerId_4787,15,7,9575.0,0
CustomerId_4788,54,6,41000.0,1
CustomerId_4789,83,1,500.0,1
CustomerId_4790,38,1,10000.0,1
CustomerId_4791,6,49,54730.0,0
CustomerId_4792,75,1,10000.0,1
CustomerId_4794,46,40,41565.0,1
CustomerId_4796,63,4,1510.0,1
CustomerId_4799,15,6,5020.0,0
CustomerId_480,1,13,112000.0,0
CustomerId_4801,3,249,219030.0,0
CustomerId_4803,55,8,27000.0,1
CustomerId_4805,12,17,122000.0,0
CustomerId_4806,15,24,72387.5,0
CustomerId_4808,60,3,86000.0,1
CustomerId_4809,3,40,216708.0,0
CustomerId_4812,4,62,404554.0,0
CustomerId_4813,1,122,217344.0,0
CustomerId_4814,20,81,220536.0,0
CustomerId_4815,54,7,61000.0,1
CustomerId_4816,21,19,41260.0,0
CustomerId_4817,2,186,569274.0,0
CustomerId_4818,51,16,124848.0,1
CustomerId_482,12,1,10000.0,0
CustomerId_4822,4,16,9600.0,0
CustomerId_4823,88,2,2500.0,1
CustomerId_4824,12,92,765000.0,0
CustomerId_4825,16,1,1000.0,0
CustomerId_4826,12,1,10000.0,0
CustomerId_4827,6,100,108452.0,0
CustomerId_4828,20,11,13450.0,0
CustomerId_483,2,84,97640.0,0
CustomerId_4830,16,1,2000.0,0
CustomerId_4831,55,1,1000.0,1
CustomerId_4832,5,21,123000.0,0
CustomerId_4833,5,47,274914.7,0
CustomerId_4834,5,77,547554.0,0
CustomerId_4835,62,10,62400.0,1
CustomerId_4836,83,1,2000.0,1
CustomerId_4837,12,12,62000.0,0
CustomerId_4838,30,1,2000.0,0
CustomerId_4839,14,17,13261.0,0
CustomerId_4840,1,434,1020401.8,0
CustomerId_4841,6,137,211608.0,0
CustomerId_4843,7,38,47111.0,0
CustomerId_4845,39,2,1200.0,1
CustomerId_4846,5,184,1063124.0,0
CustomerId_4847,13,26,152000.0,0
CustomerId_4848,63,6,37040.0,1
CustomerId_485,43,23,15460.0,1
CustomerId_4851,55,6,47160.0,1
CustomerId_4854,35,13,102000.0,0
CustomerId_4855,84,4,1575.0,1
CustomerId_4856,64,9,5055.0,1
CustomerId_4857,13,6,32000.0,0
CustomerId_4858,36,71,222056.0,0
CustomerId_4859,67,1,200000.0,1
CustomerId_4861,1,75,92665.0,0
CustomerId_4863,33,3,1510.0,0
CustomerId_4864,37,30,102600.0,0
CustomerId_4865,83,3,17000.0,1
CustomerId_4866,19,4,22000.0,0
CustomerId_4867,5,48,185308.0,0
CustomerId_4868,36,1,1000.0,0
CustomerId_487,31,1,5000.0,0
CustomerId_4870,8,17,15427.0,0
CustomerId_4872,89,7,41400.0,1
CustomerId_4873,4,194,976068.0,0
CustomerId_4875,61,2,10000.0,1
CustomerId_4876,12,1,5000.0,0
CustomerId_4877,5,15,134745.0,0
CustomerId_4878,49,205,50912840.0,0
CustomerId_4879,14,8,4045.0,0
CustomerId_488,1,11,71448.0,0
CustomerId_4880,62,6,41000.0,1
CustomerId_4882,2,108,280167.0,0
CustomerId_4884,62,1,500.0,1
CustomerId_4887,57,5,197500.0,1
CustomerId_4888,5,136,1211940.0,0
CustomerId_4889,16,10,506887.0,0
CustomerId_489,82,1,50000.0,1
CustomerId_4891,1,22,75250.0,0
CustomerId_4892,13,23,169180.0,0
CustomerId_4893,28,1,2000.0,0
CustomerId_4894,67,3,2020.0,1
CustomerId_4895,52,23,34375.0,1
CustomerId_4896,2,34,176600.0,0
CustomerId_4898,26,19,180244.0,0
CustomerId_4900,42,10,11190.0,1
CustomerId_4901,13,24,177000.0,0
CustomerId_4902,29,3,15250.0,0
CustomerId_4903,54,4,5040.0,1
CustomerId_4904,84,8,4140.0,1
CustomerId_4906,88,1,500.0,1
CustomerId_4908,7,98,112342.5,0
CustomerId_491,31,3,2050.0,0
CustomerId_4911,29,2,510.0,0
CustomerId_4912,29,61,688334.0,0
CustomerId_4913,57,1,10000.0,1
CustomerId_4915,26,3,3050.0,0
CustomerId_4917,1,11,29800.0,0
CustomerId_492,6,39,1292195.8,0
CustomerId_4920,5,86,576020.0,0
CustomerId_4921,63,2,15000.0,1
CustomerId_4922,49,1,2000.0,1
CustomerId_4923,64,10,22570.0,1
CustomerId_4924,11,9,5735.0,0
CustomerId_4925,34,5,5988800.0,0
CustomerId_4926,2,108,415742.0,0
CustomerId_4927,3,68,123188.0,0
CustomerId_4928,4,75,82600.0,0
CustomerId_4929,20,10,62000.0,0
CustomerId_493,30,7,33350.0,0
CustomerId_4931,13,1,2500.0,0
CustomerId_4932,8,1,10000.0,0
CustomerId_4933,26,6,4090.0,0
CustomerId_4934,22,18,22160.0,0
CustomerId_4935,7,6,13600.0,0
CustomerId_4936,3,35,71390.0,0
CustomerId_4938,14,19,29836.0,0
CustomerId_4939,51,17,147381.0,1
CustomerId_494,5,5,32000.0,0
CustomerId_4940,55,20,132800.0,1
CustomerId_4941,3,11,41470.0,0
CustomerId_4942,24,16,111250.0,0
CustomerId_4943,8,174,798390.0,0
CustomerId_4944,23,177,646322.0,0
CustomerId_4945,1,60,76943.45,0
CustomerId_4946,16,35,62945.0,0
CustomerId_4947,5,9,12440.0,0
CustomerId_4948,77,8,7500.0,1
CustomerId_4949,41,2,4000.0,1
CustomerId_495,33,1,1000.0,0
CustomerId_4951,35,1,2000.0,0
CustomerId_4953,81,2,1680.0,1
CustomerId_4954,5,68,86473.0,0
CustomerId_4955,34,2,2000.0,0
CustomerId_4956,6,4,5040.0,0
CustomerId_4957,53,1,1000.0,1
CustomerId_4958,1,15,12023.0,0
CustomerId_4959,3,20,22700.0,0
CustomerId_496,1,24,49870.0,0
CustomerId_4961,5,10,62000.0,0
CustomerId_4963,54,1,10000.0,1
CustomerId_4965,86,3,2050.0,1
CustomerId_4966,35,2,1500.0,0
CustomerId_4968,5,5,32000.0,0
CustomerId_4969,8,70,140444.0,0
CustomerId_497,89,4,3550.0,1
CustomerId_4970,86,6,8500.0,1
CustomerId_4971,3,57,517300.0,0
CustomerId_4972,59,1,80000.0,1
CustomerId_4973,16,2,1000.0,0
CustomerId_4976,47,5,31000.0,1
CustomerId_4977,70,1,1000.0,1
CustomerId_4978,1,61,261084.0,0
CustomerId_4979,12,7,9925.0,0
CustomerId_498,5,10,52000.0,0
CustomerId_4980,2,14,87714.0,0
CustomerId_4982,52,1,1000.0,1
CustomerId_4983,14,59,91780.5,0
CustomerId_4984,4,1,5000.0,0
CustomerId_4986,15,1,10000.0,0
CustomerId_4987,12,85,89339.5,0
CustomerId_4989,4,11,63400.0,0
CustomerId_4990,1,52,135440.0,0
CustomerId_4993,61,1,5000.0,1
CustomerId_4994,11,15,14400.0,0
CustomerId_4997,8,86,947727.0,0
CustomerId_4998,34,24,142445.0,0
CustomerId_4999,5,20,167913.0,0
CustomerId_5,84,1,10000.0,1
CustomerId_500,65,8,22500.0,1
CustomerId_5000,63,5,48800.0,1
CustomerId_5001,17,7,7182.0,0
CustomerId_5002,54,6,41000.0,1
CustomerId_5003,4,1,1000.0,0
CustomerId_5004,9,1,12000.0,0
CustomerId_5006,1,23,71445.0,0
CustomerId_5007,3,19,101161.0,0
CustomerId_5008,11,7,6070.0,0
CustomerId_5009,13,9,62000.0,0
CustomerId_501,56,14,55000.0,1
CustomerId_5010,14,6,3600.0,0
CustomerId_5013,31,34,43762.0,0
CustomerId_5014,10,18,14240.0,0
CustomerId_5015,1,21,152000.0,0
CustomerId_5016,4,24,165250.0,0
CustomerId_5018,1,23,182000.0,0
CustomerId_5019,1,28,43230.0,0
CustomerId_502,29,1,2000.0,0
CustomerId_5021,44,16,23380.0,1
CustomerId_5022,8,24,63955.0,0
CustomerId_5024,69,6,5070.0,1
CustomerId_5026,1,15,122000.0,0
CustomerId_5027,16,33,87325.0,0
CustomerId_5028,85,2,525.0,1
CustomerId_5029,3,6,20340.0,0
CustomerId_503,68,8,61000.0,1
CustomerId_5030,41,1,5000.0,1
CustomerId_5031,10,24,36878.34,0
CustomerId_5032,7,6,398200.0,0
CustomerId_5033,8,12,6510.0,0
CustomerId_5034,77,1,2000.0,1
CustomerId_5035,25,2,285400.0,0
CustomerId_5036,5,5,32000.0,0
CustomerId_5037,36,3,2000.0,0
CustomerId_5039,82,9,63400.0,1
CustomerId_504,53,1,1000.0,1
CustomerId_5040,2,36,311413.0,0
CustomerId_5041,69,20,211400.0,1
CustomerId_5042,24,4,1575.0,0
CustomerId_5043,18,1,5000.0,0
CustomerId_5044,12,13,87520.0,0
CustomerId_5045,40,1,500.0,1
CustomerId_5046,2,1,8000.0,0
CustomerId_5047,21,36,57750.0,0
CustomerId_5048,2,26,77337.9,0
CustomerId_5049,13,13,12775.0,0
CustomerId_505,84,1,500.0,1
CustomerId_5050,32,1,1000.0,0
CustomerId_5051,1,19,21380.0,0
CustomerId_5052,32,4,11000.0,0
CustomerId_5054,2,132,7440770.0,0
CustomerId_5056,13,17,132000.0,0
CustomerId_5057,6,88,124970.0,0
CustomerId_506,86,2,1050.0,1
CustomerId_5060,44,3,1510.0,1
CustomerId_5061,2,1,5000.0,0
CustomerId_5065,1,39,625250.0,0
CustomerId_5066,72,1,10000.0,1
CustomerId_5067,34,5,27200.0,0
CustomerId_5068,69,8,100000.0,1
CustomerId_5069,63,5,2575.0,1
CustomerId_507,90,2,2100.0,1
CustomerId_5073,23,122,1270765.0,0
CustomerId_5074,48,29,32340.0,1
CustomerId_5076,12,5,31000.0,0
CustomerId_508,5,70,401409.0,0
CustomerId_5080,54,6,41000.0,1
CustomerId_5081,19,51,48350.5,0
CustomerId_5082,47,9,62000.0,1
CustomerId_5085,33,16,70977.0,0
CustomerId_5087,75,1,2000.0,1
CustomerId_5089,75,1,500.0,1
CustomerId_509,6,13,98000.0,0
CustomerId_5090,5,30,173000.0,0
CustomerId_5091,81,16,14500.0,1
CustomerId_5092,6,11,62000.0,0
CustomerId_5094,2,42,52765.0,0
CustomerId_5095,50,1,50000.0,1
CustomerId_5097,6,1,4000.0,0
CustomerId_5099,8,1,5000.0,0
CustomerId_5100,27,2,40000.0,0
CustomerId_5101,77,7,34060.0,1
CustomerId_5103,27,4,3050.0,0
CustomerId_5105,43,8,1135000.0,1
CustomerId_5106,33,2,100000.0,0
CustomerId_5107,10,18,15783.0,0
CustomerId_5108,5,27,177388.0,0
CustomerId_511,6,1,2000.0,0
CustomerId_5111,47,5,31000.0,1
CustomerId_5112,68,5,5000.0,1
CustomerId_5113,1,20,152000.0,0
CustomerId_5115,67,3,8000.0,1
CustomerId_5116,21,17,17040.0,0
CustomerId_5118,12,9,62000.0,0
CustomerId_5119,3,10,46540.0,0
CustomerId_5120,29,1,10000.0,0
CustomerId_5121,6,5,32000.0,0
CustomerId_5122,55,79,717000.0,1
CustomerId_5123,51,1,800000.0,1
CustomerId_5124,20,1,10000.0,0
CustomerId_5126,81,2,10000.0,1
CustomerId_5127,56,3,2155.0,1
CustomerId_5128,9,2,56000.0,0
CustomerId_5129,1,42,40595.0,0
CustomerId_513,83,12,17169.0,1
CustomerId_5130,63,1,1000.0,1
CustomerId_5131,38,1,5000.0,1
CustomerId_5132,42,1,500.0,1
CustomerId_5133,77,3,1550.0,1
CustomerId_5134,12,5,32000.0,0
CustomerId_5137,68,1,1000.0,1
CustomerId_5138,4,308,2239390.0,0
CustomerId_5139,42,1,1000.0,1
CustomerId_514,36,2,20000.0,0
CustomerId_5140,1,123,205575.0,0
CustomerId_5141,60,4,91000.0,1
CustomerId_5142,42,3,30000.0,1
CustomerId_5145,20,2,1000.0,0
CustomerId_5146,63,3,86000.0,1
CustomerId_5147,19,7,42000.0,0
CustomerId_5148,16,221,254795.0,0
CustomerId_5149,4,3,1025.0,0
CustomerId_515,1,181,1444727.0,0
CustomerId_5150,5,12,92000.0,0
CustomerId_5152,32,10,206810.0,0
CustomerId_5154,44,1,10000.0,1
CustomerId_5155,1,121,29763180.0,0
CustomerId_5156,20,15,9750.0,0
CustomerId_5157,2,23,151500.0,0
CustomerId_5159,3,17,348880.0,0
CustomerId_516,68,3,2050.0,1
CustomerId_5160,53,8,11180.0,1
CustomerId_5162,36,5,11000.0,0
CustomerId_5163,54,5,40000.0,1
CustomerId_5164,36,42,83407.0,0
CustomerId_5165,19,2,510.0,0
CustomerId_5166,15,9,195840.0,0
CustomerId_5167,6,4,22000.0,0
CustomerId_5168,5,15,103200.0,0
CustomerId_5169,3,6,3510.0,0
CustomerId_517,6,5,32000.0,0
CustomerId_5170,66,12,14300.0,1
CustomerId_5171,2,75,540696.0,0
CustomerId_5172,10,52,414700.0,0
CustomerId_5173,12,14,102000.0,0
CustomerId_5174,1,86,39480.0,0
CustomerId_5175,12,17,122000.0,0
CustomerId_5176,90,4,20400.0,1
CustomerId_5177,15,6,351072.0,0
CustomerId_5178,5,5,32000.0,0
CustomerId_5179,7,1,3000.0,0
CustomerId_518,19,6,32000.0,0
CustomerId_5180,90,2,8622.0,1
CustomerId_5181,5,9,62000.0,0
CustomerId_5183,53,2,2000.0,1
CustomerId_5184,34,1,500.0,0
CustomerId_5185,62,1,80000.0,1
CustomerId_5186,54,7,51000.0,1
CustomerId_5189,28,2,2000.0,0
CustomerId_5192,6,1,13000.0,0
CustomerId_5194,42,50,140176.0,1
CustomerId_5196,6,6,32000.0,0
CustomerId_5198,86,19,76384.0,1
CustomerId_5199,56,1,5000.0,1
CustomerId_520,27,24,144034.0,0
CustomerId_5200,5,12,97600.0,0
CustomerId_5201,51,13,14660.0,1
CustomerId_5202,5,7,62000.0,0
CustomerId_5203,1,103,465800.0,0
CustomerId_5204,7,14,47350.0,0
CustomerId_5206,90,5,30400.0,1
CustomerId_5207,5,20,122000.0,0
CustomerId_5208,5,20,201000.0,0
CustomerId_521,30,2,1002000.0,0
CustomerId_5210,72,1,5000.0,1
CustomerId_5211,10,72,536701.0,0
CustomerId_5212,89,5,30400.0,1
CustomerId_5214,89,2,2000.0,1
CustomerId_5216,5,5,32000.0,0
CustomerId_5218,3,31,43333.0,0
CustomerId_522,82,3,609000.0,1
CustomerId_5221,54,6,41000.0,1
CustomerId_5223,74,12,31000.0,1
CustomerId_5225,1,27,210000.0,0
CustomerId_5226,2,15,100000.0,0
CustomerId_5227,13,9,52400.0,0
CustomerId_5229,5,36,234000.0,0
CustomerId_523,50,11,14200.0,1
CustomerId_5231,31,19,65098.0,0
CustomerId_5232,12,14,217650.0,0
CustomerId_5233,71,6,23000.0,1
CustomerId_5236,1,72,130470.0,0
CustomerId_5237,19,5,32000.0,0
CustomerId_5238,51,35,303000.0,1
CustomerId_5239,19,6,42000.0,0
CustomerId_524,25,6,23040.0,0
CustomerId_5240,69,9,71000.0,1
CustomerId_5242,20,5,32000.0,0
CustomerId_5243,70,2,5500.0,1
CustomerId_5245,33,12,103000.0,0
CustomerId_5246,21,1,1000.0,0
CustomerId_5248,1,12,48000.0,0
CustomerId_5249,12,9,62000.0,0
CustomerId_525,12,4,22000.0,0
CustomerId_5251,54,12,91000.0,1
CustomerId_5253,54,6,41000.0,1
CustomerId_5254,29,35,405350.0,0
CustomerId_5255,78,1,50000.0,1
CustomerId_5256,5,18,122000.0,0
CustomerId_5257,55,12,120010.0,1
CustomerId_5258,1,13,107000.0,0
CustomerId_5259,1,14,102000.0,0
CustomerId_5260,1,48,371000.0,0
CustomerId_5261,1,43,273400.0,0
CustomerId_5262,35,28,222400.0,0
CustomerId_5263,5,13,87000.0,0
CustomerId_5264,78,1,10000.0,1
CustomerId_5265,1,18,102000.0,0
CustomerId_5266,5,53,277294.64,0
CustomerId_5267,60,3,86000.0,1
CustomerId_5269,8,15,62000.0,0
CustomerId_527,41,1,2000.0,1
CustomerId_5271,1,35,222000.0,0
CustomerId_5272,1,27,212000.0,0
CustomerId_5273,10,9,104000.0,0
CustomerId_5274,20,18,28037.5,0
CustomerId_5276,7,3,6250.0,0
CustomerId_5277,1,20,152000.0,0
CustomerId_5278,5,5,32000.0,0
CustomerId_528,4,16,78980.0,0
CustomerId_5280,55,11,81000.0,1
CustomerId_5281,5,7,32000.0,0
CustomerId_5282,54,14,111000.0,1
CustomerId_5283,62,29,2588000.0,1
CustomerId_5284,48,11,13730.0,1
CustomerId_5285,1,34,221000.0,0
CustomerId_5286,1,37,291000.0,0
CustomerId_5287,19,4,22000.0,0
CustomerId_5289,83,16,132800.0,1
CustomerId_529,19,19,19815.0,0
CustomerId_5290,33,7,52000.0,0
CustomerId_5291,5,6,32000.0,0
CustomerId_5292,5,7,52000.0,0
CustomerId_5293,12,35,262050.0,0
CustomerId_5294,5,7,42000.0,0
CustomerId_5297,33,1,448000.0,0
CustomerId_5298,19,6,20000.0,0
CustomerId_530,1,60,434925.0,0
CustomerId_531,20,12,9770.0,0
CustomerId_532,7,1,3000.0,0
CustomerId_533,1,5,26000.0,0
CustomerId_5338,56,1,1000.0,1
CustomerId_5339,21,3,3000.0,0
CustomerId_534,81,4,6270.0,1
CustomerId_535,15,1,1000.0,0
CustomerId_539,1,16,25990.0,0
CustomerId_540,62,1,10000.0,1
CustomerId_541,1,28,50528.5,0
CustomerId_542,1,4,12260.0,0
CustomerId_543,57,28,56692.0,1
CustomerId_544,39,5,2500.0,1
CustomerId_545,53,1,500.0,1
CustomerId_546,54,6,41000.0,1
CustomerId_547,54,6,41000.0,1
CustomerId_549,13,33,223410.0,0
CustomerId_550,13,22,152000.0,0
CustomerId_551,71,7,42422.0,1
CustomerId_556,2,182,331691.0,0
CustomerId_557,24,3,1525.0,0
CustomerId_558,32,13,20085.0,0
CustomerId_559,1,15,112000.0,0
CustomerId_560,54,25,173400.0,1
CustomerId_561,34,13,82000.0,0
CustomerId_563,12,61,152256.0,0
CustomerId_565,6,4,22000.0,0
CustomerId_566,49,1,50000.0,1
CustomerId_567,9,22,62135.0,0
CustomerId_568,40,1,1000.0,1
CustomerId_571,7,6,5150.0,0
CustomerId_572,4,33,128450.0,0
CustomerId_573,51,1,10000.0,1
CustomerId_574,15,4,3020.0,0
CustomerId_575,1,9,15350.0,0
CustomerId_576,27,1,500.0,0
CustomerId_577,25,1,500.0,0
CustomerId_578,70,19,70800.0,1
CustomerId_581,78,2,1000.0,1
CustomerId_582,32,5,7525.0,0
CustomerId_583,10,4,7000.0,0
CustomerId_584,12,5,32000.0,0
CustomerId_585,80,8,7050.0,1
CustomerId_586,47,6,41000.0,1
CustomerId_587,5,1,1000.0,0
CustomerId_588,68,27,29050.0,1
CustomerId_590,34,1,1000.0,0
CustomerId_592,17,104,113165.0,0
CustomerId_593,11,6,4245.0,0
CustomerId_594,17,13,67157.0,0
CustomerId_595,51,1,2000.0,1
CustomerId_596,88,1,5000.0,1
CustomerId_598,89,4,8340.0,1
CustomerId_599,58,30,1348500.0,1
CustomerId_6,84,1,10000.0,1
CustomerId_600,55,27,55245.0,1
CustomerId_601,47,13,92000.0,1
CustomerId_602,58,1,100000.0,1
CustomerId_603,62,3,120000.0,1
CustomerId_604,41,3,3000.0,1
CustomerId_605,9,25,19768.0,0
CustomerId_606,1,208,1084660.0,0
CustomerId_607,33,5,32000.0,0
CustomerId_609,35,17,31465.0,0
CustomerId_610,2,82,501709.61,0
CustomerId_611,55,2,6000.0,1
CustomerId_612,10,38,50805.0,0
CustomerId_613,38,8,11150.0,1
CustomerId_614,51,5,3235.0,1
CustomerId_619,5,17,92055.0,0
CustomerId_620,61,6,176000.0,1
CustomerId_621,13,9,62000.0,0
CustomerId_622,54,5,31000.0,1
CustomerId_624,27,1,500.0,0
CustomerId_625,65,205,1052471.0,1
CustomerId_627,46,133,211026.0,1
CustomerId_629,19,5,32000.0,0
CustomerId_630,46,1,500.0,1
CustomerId_633,26,6,13020.0,0
CustomerId_636,24,45,27760.0,0
CustomerId_638,47,6,41000.0,1
CustomerId_639,54,5,31000.0,1
CustomerId_640,1,19,93210.0,0
CustomerId_642,32,7,9000.0,0
CustomerId_643,15,1,10000.0,0
CustomerId_644,63,1,500.0,1
CustomerId_645,1,14,92000.0,0
CustomerId_646,21,3,2050.0,0
CustomerId_647,1,1869,3880382.0,0
CustomerId_648,5,21,42900.0,0
CustomerId_650,2,1,100000.0,0
CustomerId_651,75,4,25500.0,1
CustomerId_652,1,206,984780.5,0
CustomerId_653,11,18,14035.0,0
CustomerId_654,89,1,15000.0,1
CustomerId_655,5,53,322300.0,0
CustomerId_656,16,13,13160.0,0
CustomerId_658,6,4,7020.0,0
CustomerId_660,5,24,174150.0,0
CustomerId_661,2,124,300909.0,0
CustomerId_662,90,2,4000.0,1
CustomerId_664,6,2,120000.0,0
CustomerId_665,2,260,641833.84,0
CustomerId_666,47,6,41000.0,1
CustomerId_667,33,7,62000.0,0
CustomerId_668,58,1,2000.0,1
CustomerId_670,16,3,1525.0,0
CustomerId_672,71,30,38500.0,1
CustomerId_673,48,5,2725.0,1
CustomerId_677,5,5,32000.0,0
CustomerId_679,48,3,2020.0,1
CustomerId_680,2,13,27350.0,0
CustomerId_681,6,2,21984.0,0
CustomerId_682,1,428,3257012.0,0
CustomerId_683,21,23,89000.0,0
CustomerId_684,54,26,182800.0,1
CustomerId_687,25,2,51000.0,0
CustomerId_689,9,6,17790.0,0
CustomerId_690,26,16,51819.0,0
CustomerId_691,26,17,142000.0,0
CustomerId_692,19,5,32000.0,0
CustomerId_693,89,1,200000.0,1
CustomerId_694,59,7,4075.0,1
CustomerId_695,55,1,1000.0,1
CustomerId_696,68,6,41000.0,1
CustomerId_697,55,2,1000.0,1
CustomerId_698,1,43,812400.0,0
CustomerId_699,1,11,74625.0,0
CustomerId_7,84,1,10000.0,1
CustomerId_700,3,36,15255.0,0
CustomerId_701,57,1,10000.0,1
CustomerId_702,5,16,130000.0,0
CustomerId_703,69,1,2000.0,1
CustomerId_704,70,2,51000.0,1
CustomerId_705,36,1,1000.0,0
CustomerId_706,19,4,11500.0,0
CustomerId_707,1,21,162000.0,0
CustomerId_708,34,9,10000.0,0
CustomerId_709,76,3,3000.0,1
CustomerId_710,82,2,12000.0,1
CustomerId_711,33,2,1000.0,0
CustomerId_7112,39,2,70000.0,1
CustomerId_712,6,33,43596.0,0
CustomerId_713,34,44,421400.0,0
CustomerId_714,1,24,15450.0,0
CustomerId_715,89,2,20000.0,1
CustomerId_716,85,1,1000.0,1
CustomerId_717,2,23,48238.3,0
CustomerId_718,1,40,139546.0,0
CustomerId_720,20,1,1500.0,0
CustomerId_723,41,3,25000.0,1
CustomerId_727,33,26,59030.0,0
CustomerId_728,76,1,10000.0,1
CustomerId_729,1,10,21820.0,0
CustomerId_730,12,9,62000.0,0
CustomerId_732,45,6,4100.0,1
CustomerId_7321,71,6,60000.0,1
CustomerId_7323,38,2,20000.0,1
CustomerId_7324,91,2,19998.0,1
CustomerId_7325,81,2,10000.0,1
CustomerId_7326,35,6,65000.0,0
CustomerId_7327,36,10,11700.0,0
CustomerId_7328,57,5,306000.0,1
CustomerId_7329,53,3,60000.0,1
CustomerId_733,51,2,11000.0,1
CustomerId_7331,63,1,500.0,1
CustomerId_7332,68,5,6500.0,1
CustomerId_7333,2,1,50000.0,0
CustomerId_7334,61,3,8000.0,1
CustomerId_7335,50,2,1500.0,1
CustomerId_7336,34,19,28400.0,0
CustomerId_7338,34,9,2760000.0,0
CustomerId_7339,34,4,1700000.0,0
CustomerId_734,6,82,481366.0,0
CustomerId_7340,86,1,500.0,1
CustomerId_7341,86,1,150000.0,1
CustomerId_7343,29,4091,104900000.0,0
CustomerId_7344,58,5,4600.0,1
CustomerId_735,34,4,30000.0,0
CustomerId_738,16,1,500.0,0
CustomerId_739,82,8,51400.0,1
CustomerId_740,59,3,16000.0,1
CustomerId_7401,34,2,600000.0,0
CustomerId_7402,71,2,2000.0,1
CustomerId_7403,23,10,12300.0,0
CustomerId_7404,44,1,1000.0,1
CustomerId_7405,6,1,20000.0,0
CustomerId_7406,30,4,7500.0,0
CustomerId_7407,30,5,18077.0,0
CustomerId_7408,31,3,52500.0,0
CustomerId_7409,1,62,291000.0,0
CustomerId_7410,34,8,19200.0,0
CustomerId_7411,2,3,3800.0,0
CustomerId_7412,34,14,86578.0,0
CustomerId_7413,15,2,1000.0,0
CustomerId_7414,86,2,1630000.0,1
CustomerId_7415,69,1,500.0,1
CustomerId_7416,16,1,880000.0,0
CustomerId_7417,16,2,196000.0,0
CustomerId_7418,69,1,361000.0,1
CustomerId_7419,2,1,100000.0,0
CustomerId_742,53,2,5500.0,1
CustomerId_7420,2,1,100000.0,0
CustomerId_7421,2,1,100000.0,0
CustomerId_7422,2,1,200000.0,0
CustomerId_7423,2,1,200000.0,0
CustomerId_7424,2,1,200000.0,0
CustomerId_7425,2,1,200000.0,0
CustomerId_7426,38,11,10000.0,1
CustomerId_7427,80,1,1000.0,1
CustomerId_7428,56,3,7000.0,1
CustomerId_7429,29,2,520000.0,0
CustomerId_7430,58,32,94200.0,1
CustomerId_7431,20,3,5900.0,0
CustomerId_7433,48,1,3000.0,1
CustomerId_7434,78,4,11000.0,1
CustomerId_7435,56,1,50000.0,1
CustomerId_7436,64,4,5500.0,1
CustomerId_7437,46,3,6500.0,1
CustomerId_7438,57,1,50000.0,1
CustomerId_7439,9,17,24000.0,0
CustomerId_7440,75,1,33900.0,1
CustomerId_7441,58,2,1500.0,1
CustomerId_7442,9,26,64000.0,0
CustomerId_7443,54,6,16000.0,1
CustomerId_7444,70,1,20000.0,1
CustomerId_7445,80,3,6000.0,1
CustomerId_7446,62,2,1000.0,1
CustomerId_7447,7,4,54000.0,0
CustomerId_7448,69,1,2000.0,1
CustomerId_745,24,1,500.0,0
CustomerId_7450,26,13,261000.0,0
CustomerId_7451,40,7,13431.0,1
CustomerId_7452,32,9,285000.0,0
CustomerId_7453,70,6,3000.0,1
CustomerId_7454,58,2,1600.0,1
CustomerId_7455,2,2,130000.0,0
CustomerId_7456,2,2,70000.0,0
CustomerId_7457,2,2,200000.0,0
CustomerId_7458,2,3,120000.0,0
CustomerId_7459,2,3,180000.0,0
CustomerId_746,1,1,1000.0,0
CustomerId_7460,2,3,120000.0,0
CustomerId_7461,2,3,180000.0,0
CustomerId_7462,2,3,150000.0,0
CustomerId_7463,2,3,150000.0,0
CustomerId_7464,2,2,100000.0,0
CustomerId_7465,2,2,100000.0,0
CustomerId_7466,29,5,46000.0,0
CustomerId_7467,56,6,11500.0,1
CustomerId_7468,74,2,11000.0,1
CustomerId_7469,76,1,1000.0,1
CustomerId_7470,84,1,10000.0,1
CustomerId_7471,84,1,10000.0,1
CustomerId_7472,84,1,10000.0,1
CustomerId_7473,84,1,10000.0,1
CustomerId_7474,84,1,10000.0,1
CustomerId_7475,38,3,6000.0,1
CustomerId_7476,34,23,213400.0,0
CustomerId_7477,56,1,2000.0,1
CustomerId_7478,13,1,500.0,0
CustomerId_7479,13,1,500.0,0
CustomerId_748,46,3,13000.0,1
CustomerId_749,38,2,5000.0,1
CustomerId_753,69,1,2000.0,1
CustomerId_754,14,4,3050.0,0
CustomerId_755,57,1,500.0,1
CustomerId_756,64,1,5000.0,1
CustomerId_757,70,3,1510.0,1
CustomerId_759,1,150,1104980.5,0
CustomerId_760,12,11,90400.0,0
CustomerId_761,1,164,388811.0,0
CustomerId_764,20,18,122400.0,0
CustomerId_767,10,4,6525.0,0
CustomerId_768,47,2,2000.0,1
CustomerId_770,20,21,32909.5,0
CustomerId_771,30,1,2000.0,0
CustomerId_773,5,5,32000.0,0
CustomerId_774,2,24,35200.0,0
CustomerId_775,24,32,50795.0,0
CustomerId_776,29,53,122255.0,0
CustomerId_778,76,1,10000.0,1
CustomerId_779,47,4,30000.0,1
CustomerId_780,12,4,8100.0,0
CustomerId_781,62,1,2000.0,1
CustomerId_784,5,171,322479.5,0
CustomerId_785,23,1,50000.0,0
CustomerId_786,12,69,203222.2,0
CustomerId_787,46,1,1000.0,1
CustomerId_789,19,4,22000.0,0
CustomerId_790,3,144,605174.6,0
CustomerId_791,21,32,22495.0,0
CustomerId_793,1,12,34014.0,0
CustomerId_794,33,3,2020.0,0
CustomerId_795,36,2,1500.0,0
CustomerId_797,33,65,243306.3,0
CustomerId_798,23,10,143250.0,0
CustomerId_799,33,5,32000.0,0
CustomerId_8,84,1,10000.0,1
CustomerId_800,2,60,361793.5,0
CustomerId_801,25,6,12250.0,0
CustomerId_802,20,3,1525.0,0
CustomerId_804,87,4,24000.0,1
CustomerId_806,2,557,2095039.2,0
CustomerId_807,79,4,4080.0,1
CustomerId_808,23,30,32575.0,0
CustomerId_810,26,13,42318.0,0
CustomerId_812,7,1,1000.0,0
CustomerId_813,68,3,2050.0,1
CustomerId_814,6,68,574898.0,0
CustomerId_816,37,3,3000.0,1
CustomerId_821,31,7,30029.2,0
CustomerId_823,20,24,142000.0,0
CustomerId_824,76,1,5000.0,1
CustomerId_825,69,16,36750.0,1
CustomerId_826,57,2,1500.0,1
CustomerId_827,71,1,1000.0,1
CustomerId_828,7,13,41137.0,0
CustomerId_829,73,2,3150.0,1
CustomerId_830,33,7,62000.0,0
CustomerId_832,77,8,3135.0,1
CustomerId_834,77,1,300000.0,1
CustomerId_838,55,1,1000.0,1
CustomerId_839,1,81,402964.0,0
CustomerId_840,5,23,36570.0,0
CustomerId_841,87,7,6450.0,1
CustomerId_842,68,9,6760.0,1
CustomerId_843,1,28,28665.0,0
CustomerId_844,87,3,30000.0,1
CustomerId_845,12,5,32000.0,0
CustomerId_846,35,5,63000.0,0
CustomerId_847,75,7,31000.0,1
CustomerId_848,47,6,41000.0,1
CustomerId_851,26,2,1500.0,0
CustomerId_853,1,28,132800.0,0
CustomerId_854,34,2,5500.0,0
CustomerId_855,5,6,60000.0,0
CustomerId_856,26,5,3001000.0,0
CustomerId_857,1,14,112000.0,0
CustomerId_858,15,12,27521.0,0
CustomerId_860,1,39,263200.0,0
CustomerId_861,38,1,10000.0,1
CustomerId_863,72,1,25000.0,1
CustomerId_864,58,2,20000.0,1
CustomerId_865,22,51,2297604.0,0
CustomerId_867,23,1,20000.0,0
CustomerId_868,66,1,900.0,1
CustomerId_870,37,1,1000.0,1
CustomerId_872,1,86,96632.0,0
CustomerId_873,1,117,600644.5,0
CustomerId_877,55,5,31000.0,1
CustomerId_880,87,5,104000.0,1
CustomerId_881,75,3,44000.0,1
CustomerId_882,12,10,62000.0,0
CustomerId_883,89,13,31500.0,1
CustomerId_884,47,5,31200.0,1
CustomerId_885,68,5,41500.0,1
CustomerId_887,7,6,8200.0,0
CustomerId_888,89,5,30400.0,1
CustomerId_889,29,8,24400.0,0
CustomerId_89,30,1,5000.0,0
CustomerId_890,54,1,60000.0,1
CustomerId_892,55,12,81400.0,1
CustomerId_893,1,4,8732.0,0
CustomerId_894,6,6,12647.0,0
CustomerId_895,54,6,41000.0,1
CustomerId_896,55,4,3020.0,1
CustomerId_898,48,7,61000.0,1
CustomerId_899,91,1,10000.0,1
CustomerId_9,84,1,10000.0,1
CustomerId_900,10,23,22671.0,0
CustomerId_903,43,15,21500.0,1
CustomerId_905,1,169,1055875.0,0
CustomerId_906,63,51,85820.8,1
CustomerId_907,62,1,1000.0,1
CustomerId_908,6,273,333387.0,0
CustomerId_909,12,115,83480760.0,0
CustomerId_911,33,7,32000.0,0
CustomerId_912,14,36,54850.0,0
CustomerId_913,19,56,98900.0,0
CustomerId_915,40,2,4000.0,1
CustomerId_916,57,9,181320.0,1
CustomerId_917,5,1,5000.0,0
CustomerId_919,60,5,246000.0,1
CustomerId_920,28,28,59565.0,0
CustomerId_921,12,15,92000.0,0
CustomerId_922,1,19,26860.0,0
CustomerId_923,9,20,37269.0,0
CustomerId_924,8,2,2800.0,0
CustomerId_925,8,3,7000.0,0
CustomerId_926,23,1,1000.0,0
CustomerId_927,2,17,132000.0,0
CustomerId_928,60,3,2020.0,1
CustomerId_929,68,4,40000.0,1
CustomerId_930,41,17,108400.0,1
CustomerId_931,18,10,6053.0,0
CustomerId_932,5,22,61375.0,0
CustomerId_934,1,2,25000.0,0
CustomerId_936,1,1,5000.0,0
CustomerId_938,20,4,2525.0,0
CustomerId_940,16,13,54250.0,0
CustomerId_942,62,2,14000.0,1
CustomerId_943,5,9,12700.0,0
CustomerId_944,6,2,1800.0,0
CustomerId_945,36,3,2000.0,0
CustomerId_946,38,1,500.0,1
CustomerId_947,31,1,10000.0,0
CustomerId_948,8,1,500.0,0
CustomerId_949,75,1,1000.0,1
CustomerId_951,1,21,172000.0,0
CustomerId_954,5,5,32000.0,0
CustomerId_957,34,1,1000.0,0
CustomerId_958,48,1,10000.0,1
CustomerId_959,18,43,62948.5,0
CustomerId_960,1,44,133745.0,0
CustomerId_961,37,1,15000.0,1
CustomerId_962,29,10,12095.0,0
CustomerId_963,57,4,5040.0,1
CustomerId_966,35,2,1500.0,0
CustomerId_967,65,1,100000.0,1
CustomerId_968,5,8,29525.0,0
CustomerId_969,5,145,675612.0,0
CustomerId_972,12,5,32000.0,0
CustomerId_974,37,4,2900.0,1
CustomerId_975,76,1,2000.0,1
CustomerId_977,10,60,556246.0,0
CustomerId_978,77,2,40000.0,1
CustomerId_979,12,17,122000.0,0
CustomerId_982,33,6,42000.0,0
CustomerId_986,6,4,3050.0,0
CustomerId_987,69,4,28000.0,1
CustomerId_988,6,38,273272.8,0
CustomerId_989,12,1,10000.0,0
CustomerId_990,16,9,11350.0,0
CustomerId_991,14,1,2000.0,0
CustomerId_992,5,6,32000.0,0
CustomerId_993,26,5,32000.0,0
CustomerId_994,1,101,612127.0,0
CustomerId_996,68,17,151000.0,1
CustomerId_998,1,22,163000.0,0
